-- phpMyAdmin SQL Dump
-- version 5.2.0
-- https://www.phpmyadmin.net/
--
-- Host: 127.0.0.1
-- Generation Time: Apr 06, 2023 at 08:21 PM
-- Server version: 10.4.24-MariaDB
-- PHP Version: 8.1.6

SET SQL_MODE = "NO_AUTO_VALUE_ON_ZERO";
START TRANSACTION;
SET time_zone = "+00:00";


/*!40101 SET @OLD_CHARACTER_SET_CLIENT=@@CHARACTER_SET_CLIENT */;
/*!40101 SET @OLD_CHARACTER_SET_RESULTS=@@CHARACTER_SET_RESULTS */;
/*!40101 SET @OLD_COLLATION_CONNECTION=@@COLLATION_CONNECTION */;
/*!40101 SET NAMES utf8mb4 */;

--
-- Database: `baostore`
--

-- --------------------------------------------------------

--
-- Table structure for table `bill`
--

CREATE TABLE `bill` (
  `id` int(11) NOT NULL,
  `iduser` int(11) NOT NULL,
  `bill_name` varchar(50) COLLATE utf8_unicode_ci NOT NULL,
  `bill_address` varchar(255) COLLATE utf8_unicode_ci NOT NULL,
  `bill_tel` varchar(50) COLLATE utf8_unicode_ci NOT NULL,
  `bill_email` varchar(255) COLLATE utf8_unicode_ci NOT NULL,
  `bill_pttt` tinyint(4) NOT NULL,
  `ngaydathang` varchar(50) COLLATE utf8_unicode_ci NOT NULL,
  `total` int(11) NOT NULL,
  `bill_status` tinyint(4) NOT NULL
) ENGINE=InnoDB DEFAULT CHARSET=utf8 COLLATE=utf8_unicode_ci;

--
-- Dumping data for table `bill`
--

INSERT INTO `bill` (`id`, `iduser`, `bill_name`, `bill_address`, `bill_tel`, `bill_email`, `bill_pttt`, `ngaydathang`, `total`, `bill_status`) VALUES
(1, 1, 'nhan', '', '', 'nhan1@gmail.com', 1, '04:17:49pm 26/03/2023', 39, 0),
(4, 1, 'nhan', '', '', 'nhan1@gmail.com', 2, '04:23:56pm 26/03/2023', 64, 1),
(5, 1, 'nhan', '', '', 'nhan1@gmail.com', 1, '04:25:46pm 26/03/2023', 64, 0),
(7, 1, 'nhan', '', '', 'nhan1@gmail.com', 1, '04:48:27pm 26/03/2023', 70, 0),
(8, 3, 'thao1', '9281929182198', 'jakhdjashdkash', 'thao1@gmail.com', 2, '06:13:35pm 26/03/2023', 285, 0),
(9, 3, 'thao1', '9281929182198', 'jakhdjashdkash', 'thao1@gmail.com', 3, '06:19:27pm 26/03/2023', 25, 0),
(10, 3, 'thao1', '0123456789', 'suối cát', 'thao1@gmail.com', 1, '08:12:45am 27/03/2023', 25, 0),
(11, 3, 'thao1', '0123456789', 'suối cát', 'thao1@gmail.com', 1, '08:17:29am 27/03/2023', 25, 0),
(12, 3, 'thao1', '0123456789', 'suối cát', 'thao1@gmail.com', 1, '08:22:22am 27/03/2023', 25, 0),
(13, 3, 'thao1', '0123456789', 'suối cát', 'thao1@gmail.com', 1, '08:35:14am 27/03/2023', 0, 0),
(14, 3, 'quyen2', '0123456788', 'bbluc', 'quyen2@gmail.com', 1, '08:36:09am 27/03/2023', 35, 0),
(15, 3, 'thao1', '0123456789', 'suối cát', 'thao1@gmail.com', 1, '08:47:54am 27/03/2023', 750, 0),
(16, 3, 'thao1', '0123456789', 'suối cát', 'thao1@gmail.com', 1, '08:48:48am 27/03/2023', 150, 0),
(17, 3, 'thao1', '0123456789', 'suối cát', 'thao1@gmail.com', 1, '09:19:55am 27/03/2023', 60, 0),
(18, 3, 'thao1', '0123456789', 'suối cát', 'thao1@gmail.com', 1, '07:10:59pm 28/03/2023', 103, 0),
(19, 3, 'thao1', '0123456789', 'suối cát', 'thao1@gmail.com', 1, '07:13:40pm 28/03/2023', 0, 0),
(20, 3, 'thao1', '0123456789', 'suối cát', 'thao1@gmail.com', 1, '07:13:55pm 28/03/2023', 0, 0),
(21, 3, 'thao1', '0123456789', 'suối cát', 'thao1@gmail.com', 1, '07:14:53pm 28/03/2023', 25, 0),
(22, 3, 'thao1', '0123456789', 'suối cát', 'thao1@gmail.com', 1, '07:16:01pm 28/03/2023', 0, 0),
(23, 3, 'thao1', '0123456789', 'suối cát', 'thao1@gmail.com', 1, '07:16:25pm 28/03/2023', 70, 0),
(24, 3, 'thao1', '0123456789', 'suối cát', 'thao1@gmail.com', 1, '07:17:15pm 28/03/2023', 0, 0),
(25, 3, 'thao1', '0123456789', 'suối cát', 'thao1@gmail.com', 1, '07:17:23pm 28/03/2023', 0, 0),
(26, 3, 'thao1', '0123456789', 'suối cát', 'thao1@gmail.com', 1, '07:17:32pm 28/03/2023', 0, 0),
(27, 3, 'thao1', '0123456789', 'suối cát', 'thao1@gmail.com', 1, '07:17:46pm 28/03/2023', 0, 0),
(28, 3, 'thao1', '0123456789', 'suối cát', 'thao1@gmail.com', 1, '07:18:17pm 28/03/2023', 0, 0),
(29, 3, 'thao1', '0123456789', 'suối cát', 'thao1@gmail.com', 1, '07:20:30pm 28/03/2023', 0, 0),
(30, 3, 'thao1', '0123456789', 'suối cát', 'thao1@gmail.com', 1, '07:20:51pm 28/03/2023', 0, 0),
(31, 3, 'thao1', '0123456789', 'suối cát', 'thao1@gmail.com', 1, '07:22:03pm 28/03/2023', 0, 0),
(32, 3, 'thao1', '0123456789', 'suối cát', 'thao1@gmail.com', 1, '07:22:33pm 28/03/2023', 0, 0),
(33, 3, 'thao1', '0123456789', 'suối cát', 'thao1@gmail.com', 1, '07:23:07pm 28/03/2023', 0, 0),
(34, 3, 'thao1', '0123456789', 'suối cát', 'thao1@gmail.com', 1, '07:23:33pm 28/03/2023', 0, 0),
(35, 3, 'thao1', '0123456789', 'suối cát', 'thao1@gmail.com', 1, '07:23:46pm 28/03/2023', 0, 0),
(36, 3, 'thao1', '0123456789', 'suối cát', 'thao1@gmail.com', 1, '07:23:59pm 28/03/2023', 0, 0),
(37, 3, 'thao1', '0123456789', 'suối cát', 'thao1@gmail.com', 3, '07:27:57pm 28/03/2023', 35, 0),
(38, 3, 'thao1', '0123456789', 'suối cát', 'thao1@gmail.com', 1, '19:32:07pm 28/03/2023', 25, 0);

-- --------------------------------------------------------

--
-- Table structure for table `cart`
--

CREATE TABLE `cart` (
  `id` int(11) NOT NULL,
  `iduser` int(11) NOT NULL,
  `idpro` int(11) NOT NULL,
  `img` varchar(255) COLLATE utf8_unicode_ci NOT NULL,
  `name` varchar(255) COLLATE utf8_unicode_ci NOT NULL,
  `price` int(11) NOT NULL,
  `soluong` int(3) NOT NULL,
  `thanhtien` int(11) NOT NULL,
  `idbill` int(11) NOT NULL
) ENGINE=InnoDB DEFAULT CHARSET=utf8 COLLATE=utf8_unicode_ci;

--
-- Dumping data for table `cart`
--

INSERT INTO `cart` (`id`, `iduser`, `idpro`, `img`, `name`, `price`, `soluong`, `thanhtien`, `idbill`) VALUES
(1, 1, 133, 'AT15.jpg', 'Vớ nam nữ MWC', 39, 1, 39, 1),
(2, 1, 138, 'AT35.jpg', 'Vớ nam nữ MWC', 39, 1, 39, 4),
(3, 1, 140, 'AT106.jpg', 'Vớ nam nữ MWC ', 25, 1, 25, 4),
(4, 1, 138, 'AT35.jpg', 'Vớ nam nữ MWC', 39, 1, 39, 5),
(5, 1, 140, 'AT106.jpg', 'Vớ nam nữ MWC ', 25, 1, 25, 5),
(6, 1, 135, 'AT17.jpg', 'Vớ nam nữ MWC', 25, 1, 25, 7),
(7, 1, 132, 'AT14.jpg', 'Vớ nam nữ MWC', 45, 1, 45, 7),
(8, 3, 139, 'AT45.jpg', 'Vớ nam nữ MWC', 35, 1, 35, 8),
(9, 3, 118, '5419.jpg', 'Giày Thể Thao Nam Phối Sọc Thể Thao Cổ Thấp', 250, 1, 250, 8),
(10, 3, 135, 'AT17.jpg', 'Vớ nam nữ MWC', 25, 1, 25, 9),
(11, 3, 135, 'AT17.jpg', 'Vớ nam nữ MWC', 25, 1, 25, 10),
(12, 3, 140, 'AT106.jpg', 'Vớ nam nữ MWC ', 25, 1, 25, 11),
(13, 3, 140, 'AT106.jpg', 'Vớ nam nữ MWC ', 25, 1, 25, 12),
(14, 3, 134, 'AT16.jpg', 'Vớ nam nữ MWC', 35, 1, 35, 14),
(15, 3, 41, '8146 dép nữ quai ngang đính ngọc trai.jpg', 'Dép nữ quai ngang đính ngọc trai', 750, 1, 750, 15),
(16, 3, 40, '8140 dép đế bệt quai ngang phối khóa thanh lịch.jpg', 'Dép nữ đế bệt quai ngang phối khóa thanh lịch', 150, 1, 150, 16),
(17, 3, 134, 'AT16.jpg', 'Vớ nam nữ MWC', 35, 1, 35, 17),
(18, 3, 135, 'AT17.jpg', 'Vớ nam nữ MWC', 25, 1, 25, 17),
(19, 3, 138, 'AT35.jpg', 'Vớ nam nữ MWC', 39, 1, 39, 18),
(20, 3, 140, 'AT106.jpg', 'Vớ nam nữ MWC ', 25, 1, 25, 18),
(21, 3, 136, 'AT19.jpg', 'Vớ nam nữ MWC', 39, 1, 39, 18),
(22, 3, 135, 'AT17.jpg', 'Vớ nam nữ MWC', 25, 1, 25, 21),
(23, 3, 135, 'AT17.jpg', 'Vớ nam nữ MWC', 25, 1, 25, 23),
(24, 3, 132, 'AT14.jpg', 'Vớ nam nữ MWC', 45, 1, 45, 23),
(25, 3, 134, 'AT16.jpg', 'Vớ nam nữ MWC', 35, 1, 35, 37),
(26, 3, 135, 'AT17.jpg', 'Vớ nam nữ MWC', 25, 1, 25, 38);

-- --------------------------------------------------------

--
-- Table structure for table `categories`
--

CREATE TABLE `categories` (
  `id` int(20) NOT NULL,
  `name` varchar(255) COLLATE utf8_unicode_ci NOT NULL,
  `img` varchar(255) COLLATE utf8_unicode_ci NOT NULL
) ENGINE=InnoDB DEFAULT CHARSET=utf8 COLLATE=utf8_unicode_ci;

--
-- Dumping data for table `categories`
--

INSERT INTO `categories` (`id`, `name`, `img`) VALUES
(12, 'Balo', 'balo1.jpg'),
(13, 'Dép nữ', 'dep1.jpg'),
(14, 'Phụ kiện', 'pk1.jpg'),
(15, 'Giày nam', 'tt1.jpg'),
(16, 'Giày thể thao', 'nam1.jpg'),
(17, 'Giày cao gót nữ ', 'nu1.jpg');

-- --------------------------------------------------------

--
-- Table structure for table `comment`
--

CREATE TABLE `comment` (
  `id_bl` int(11) NOT NULL,
  `id_user` int(11) NOT NULL,
  `id_product` int(11) NOT NULL,
  `noi_dung` text NOT NULL,
  `date_comment` datetime NOT NULL
) ENGINE=InnoDB DEFAULT CHARSET=utf8mb4;

--
-- Dumping data for table `comment`
--

INSERT INTO `comment` (`id_bl`, `id_user`, `id_product`, `noi_dung`, `date_comment`) VALUES
(1, 6, 86, '12123123', '2023-04-05 19:04:14'),
(2, 6, 86, '3123123123', '2023-04-05 19:04:03'),
(3, 6, 86, '123213', '2023-04-05 19:04:24'),
(4, 6, 122, '123123', '2023-04-05 19:04:54'),
(5, 6, 140, '123123', '2023-04-05 19:04:05'),
(13, 6, 140, 'qưeqweqweqwe', '2023-04-05 22:04:00');

-- --------------------------------------------------------

--
-- Table structure for table `product`
--

CREATE TABLE `product` (
  `id` int(11) NOT NULL,
  `name` varchar(255) COLLATE utf8_unicode_ci NOT NULL,
  `price` double(10,2) DEFAULT 0.00,
  `image` varchar(255) COLLATE utf8_unicode_ci DEFAULT NULL,
  `description` text COLLATE utf8_unicode_ci DEFAULT NULL,
  `id_cate` int(11) NOT NULL,
  `chatlieu` varchar(255) COLLATE utf8_unicode_ci NOT NULL
) ENGINE=InnoDB DEFAULT CHARSET=utf8 COLLATE=utf8_unicode_ci;

--
-- Dumping data for table `product`
--

INSERT INTO `product` (`id`, `name`, `price`, `image`, `description`, `id_cate`, `chatlieu`) VALUES
(29, 'Dép nữ MWC nude', 750.00, '3334 Dép nữ MWC nude.jpg', 'MÔ TẢ SẢN PHẨM <br>\r\n<br>\r\n[#Mã_3334] giá #150K <br>\r\n<br>\r\nDÉP NƠ SIÊU XINH - XUỐNG PHỐ LUNG LINH ! <br>\r\n<br>\r\n-> Đơn giản nhưng vẫn đáng yêu cực kì, item dép nơ mới về chắc chắn sẽ \"đốn gục\" mọi cô nàng ngay từ ánh nhìn đầu tiên :<br>\r\n<br>\r\n- Thiết kế cột nơ nữ tính lên chân xinh mê mẩn<br>\r\n<br>\r\n- Chất liệu da xịn xò mang êm dã man<br>\r\n<br>\r\n- Bảng màu Đen/ Kem hot trend mix gì cũng đẹp hết nấch<br>\r\n<br>\r\n<br>\r\nThật sự quá xuất sắc! Ib hoặc ghé Store tậu ngay nhé nàng ❤️', 13, ''),
(30, 'Dép nữ quai ngang trong suốt phối nơ', 790.00, '3293 Dép nữ quai ngang trong  suốt phối nơ.jpg', 'MÔ TẢ SẢN PHẨM<br>\r\n<br>\r\nKiểu dáng thiết kế quai ngang trong cách điệu phối nơ lưới tinh tế, lạ mắt giúp nàng luôn nổi bật trong mọi outfit.<br>\r\n<br>\r\nNhững đôi dép đế bệt luôn mang tới sự thoải mái và dễ chịu nhất cho các chị em phụ nữ khi di chuyển. <br>\r\n<br>\r\nThêm vào đó, khi chúng ta kết hợp với bất kì loại trang phục nào cũng đều phù hợp.<br>\r\n<br>\r\n<br>\r\nCHI TIẾT SẢN PHẨM <br>\r\n<br>\r\nChất liệu da PU cao cấp<br>\r\n<br>\r\nChất liệu đế TPR êm mềm, độ đàn hồi tốt, chống trơn trượt<br>\r\n<br>\r\nKiểu dáng : dép quai ngang đế bệt<br>\r\n<br>\r\nMàu sắc: Đen - Kem - Nâu<br>\r\n<br>\r\nSize: 35 - 36 - 37 - 38 – 39<br>\r\n<br>\r\nXuất xứ: Việt Nam', 13, ''),
(31, 'Dép nữ MWC nude', 495.00, '3378 Dép nữ MWC nude.jpg', 'MÔ TẢ SẢN PHẨM<br>\r\n<br>\r\nKiểu dáng thiết kế quai ngang trong cách điệu phối nơ lưới tinh tế, lạ mắt giúp nàng luôn nổi bật trong mọi outfit.<br>\r\n<br>\r\nNhững đôi dép đế bệt luôn mang tới sự thoải mái và dễ chịu nhất cho các chị em phụ nữ khi di chuyển. <br>\r\n<br>\r\nThêm vào đó, khi chúng ta kết hợp với bất kì loại trang phục nào cũng đều phù hợp.<br>\r\n<br><br>\r\nCHI TIẾT SẢN PHẨM <br>\r\n<br>\r\nChất liệu da PU cao cấp<br>\r\n<br>\r\nChất liệu đế TPR êm mềm, độ đàn hồi tốt, chống trơn trượt<br>\r\n<br>\r\nKiểu dáng : dép quai ngang đế bệt<br>\r\n<br>\r\nMàu sắc: Đen - Kem - Nâu<br>\r\n<br>\r\nSize: 35 - 36 - 37 - 38 – 39<br>\r\n<br>\r\nXuất xứ: Việt Nam', 13, ''),
(32, 'Dép nữ quai ngang đính nơ tiểu thư', 990.00, '3384 Dép nữ quai ngang đính nơ tiểu thư.jpg', 'MÔ TẢ SẢN PHẨM<br>\r\n<br>\r\nVới thiết kế đế bệt quai ngang đính nơ tiểu thư, sang chảnh kết hợp cùng những màu sắc hot trend nhất hiện nay, đế TPR êm mềm, độ đàn hồi tốt, chống trơn trượt chắc chắn dễ đi và êm chân. Đế siêu nhẹ, chống trơn trượt. <br>\r\n<br>\r\nPhong cách đơn giản nhưng vẫn hiện đại, bắt kịp xu hướng thời trang mới. Phù hợp nhiều outfit và hoàn cảnh như dạo phố, đi biển, đi làm công sở.<br>\r\n<br><br><br>\r\nCHI TIẾT SẢN PHẨM<br>\r\n<br>\r\nChất liệu da PU cao cấp<br>\r\n<br>\r\nĐế TPR êm mềm, độ đàn hồi tốt, chống trơn trượt<br>\r\n<br>\r\nKiểu dáng dép quai ngang đế bằng<br>\r\n<br>\r\nMàu sắc: Đen - Kem<br>\r\n<br>\r\nSize: 35 - 36 - 37 - 38 - 39<br>\r\n<br>\r\nXuất xứ: Việt Nam<br>', 13, ''),
(33, 'Dép nữ quai mảnh đế bệt', 790.00, '3487 Dép nữ quai mảnh đế bệt.jpg', 'MÔ TẢ SẢN PHẨM<br>\r\n<br>\r\nVới thiết kế xỏ ngón, quai giày mảnh phối chéo xinh xắn trẻ trung, đế TPR êm mềm dễ đi và chắc chắn.<br>\r\n<br>\r\nPhong cách đơn giản nhưng vẫn hiện đại, bắt kịp xu hướng thời trang mới. <br>\r\n<br>\r\nPhù hợp nhiều outfit và hoàn cảnh như dạo phố, đi biển, đi làm công sở.<br>\r\n<br><br><br>\r\nCHI TIẾT SẢN PHẨM<br>\r\n<br>\r\nChất liệu da PU cao cấp<br>\r\n<br>\r\nĐế TPR êm mềm, độ đàn hồi tốt, chống trơn trượt<br>\r\n<br>\r\nKiểu dáng dép quai ngang đế bằng<br>\r\n<br>\r\nMàu sắc: Đen - Kem<br>\r\n<br>\r\nSize: 35 - 36 - 37 - 38 - 39<br>\r\n<br>\r\nXuất xứ thương hiệu: Việt Nam', 13, ''),
(34, 'Dép nữ quai nhún đính đá sang chảnh', 750.00, '8054 dép nữ quai nhún đính đá sang chảnh.jpg', 'MÔ TẢ SẢN PHẨM <br>\r\n<br>\r\nVới thiết kế quai nhún đính đá sang chảnh giúp bạn dễ dàng phối hợp với nhiều trang phục để có một phong cách thời trang thật sành điệu và nữ tính, giúp nàng luôn nổi bật trong mọi outfit,kết hợp cùng những màu sắc hot trend nhất hiện nay.<br>\r\n<br>\r\nVới chất liệu da PU cao cấp,đế TPR êm mềm, độ đàn hồi tốt, chống trơn trượt chắc chắn dễ đi và êm chân.<br>\r\n<br>\r\nPhong cách đơn giản nhưng vẫn hiện đại, bắt kịp xu hướng thời trang mới,phù hợp nhiều outfit,và hoàn cảnh khác nhau như dạo phố, đi biển, đi làm công sở.<br>\r\n<br>\r\n<br>\r\n<br>\r\nCHI TIẾT SẢN PHẨM<br>\r\n<br>\r\nChất liệu da PU cao cấp<br>\r\n<br>\r\nĐế TPR êm mềm, độ đàn hồi tốt, chống trơn trượt<br>\r\n<br>\r\nKiểu dáng dép quai ngang đế bằng<br>\r\n<br>\r\nMàu sắc: Đen -  Kem<br>\r\n<br>\r\nSize: 35 - 36 - 37 - 38 - 39<br>\r\n<br>\r\nXuất sứ thương hiệu: Việt Nam<br>', 13, ''),
(35, 'Dép nữ quai ngang thắt bính', 625.00, '8077 dép nữ quai ngang thắt bính.jpg', 'MÔ TẢ SẢN PHẨM<br>\r\n<br>\r\nDép thiết kế với quai ngang thắt bính cách điệu thời trang, kết hợp cùng những màu sắc hot trend nhất hiện nay với chất liệu da PU cao cấp, đế TPR êm mềm, độ đàn hồi tốt, chống trơn trượt chắc chắn dễ đi và êm chân. Đế siêu nhẹ, chống trơn trượt. <br>\r\n<br>\r\nPhong cách đơn giản nhưng vẫn hiện đại, bắt kịp xu hướng thời trang mới. <br>\r\n<br>\r\nPhù hợp nhiều outfit và hoàn cảnh như dạo phố, đi biển, đi làm công sở.<br>\r\n<br><br><br>\r\nCHI TIẾT SẢN PHẨM<br>\r\n<br>\r\n\r\nChất liệu da PU cao cấp<br>\r\n<br>\r\nĐế TPR êm mềm, độ đàn hồi tốt, chống trơn trượt<br>\r\n<br>\r\nKiểu dáng dép quai ngang đế bằng<br>\r\n<br>\r\nMàu sắc: Đen - Xanh biển - Vàng - Kem\r\n<br>\r\nSize: 35 - 36 - 37 - 38 - 39<br>\r\n<br>\r\nXuất xứ thương hiệu: Việt Nam', 13, ''),
(36, 'Dép nữ xỏ ngón đính khóa tròn', 790.00, '8085 Dép xỏ ngón đính khóa tròn.jpg', 'MÔ TẢ SẢN PHẨM<br>\r\n<br>\r\nVới thiết kế 2 quai kẹp xỏ ngón đơn giản điểm nhấn mặt dép đính khóa tròn xinh xắn là sự lựa chọn hàng đầu khi bạn muốn cảm nhận sự thoải mái, êm ái. <br>\r\n<br>\r\nĐế TPR êm mềm, độ đàn hồi tốt, chống trơn trượt chắc chắn dễ đi và êm chân. Đế siêu nhẹ, chống trơn trượt. <br>\r\n<br>\r\nPhong cách đơn giản nhưng vẫn hiện đại, bắt kịp xu hướng thời trang mới. Phù hợp nhiều outfit và hoàn cảnh như dạo phố, đi biển, đi làm công sở.<br>\r\n<br><br><br>\r\nCHI TIẾT SẢN PHẨM<br>\r\n<br>\r\n\r\nChất liệu da bóng cao cấp<br>\r\n<br>\r\nĐế TPR êm mềm, độ đàn hồi tốt, chống trơn trượt<br>\r\n<br>\r\nKiểu dáng dép quai ngang đế bằng\r\n<br>\r\nMàu sắc: Đen - Kem <br>\r\n<br>\r\nSize: 35 - 36 - 37 - 38 - 39<br>\r\n<br>\r\nXuất xứ: Việt Nam', 13, ''),
(37, 'Dép nữ xỏ ngón phối dây tròn cách điệu', 790.00, '8086 Dép nữ xỏ ngón phối dây tròn cách điệu.jpg', 'MÔ TẢ SẢN PHẨM<br>\r\n<br>\r\nVới thiết kế đế bệt xỏ ngón mũi tròn basic phối dây tròn mảnh cách điệu, kết hợp cùng những màu sắc hot trend nhất hiện nay, đế TPR êm mềm, độ đàn hồi tốt, chống trơn trượt chắc chắn dễ đi và êm chân. Đế siêu nhẹ, chống trơn trượt. <br>\r\n<br>\r\nPhong cách đơn giản nhưng vẫn hiện đại, bắt kịp xu hướng thời trang mới. Phù hợp nhiều outfit và hoàn cảnh như dạo phố, đi biển, đi làm công sở.<br>\r\n<br><br><br>\r\nCHI TIẾT SẢN PHẨM<br>\r\n<br>\r\n\r\nChất liệu da PU cao cấp<br>\r\n<br>\r\nĐế TPR êm mềm, độ đàn hồi tốt, chống trơn trượt<br>\r\n<br>\r\nKiểu dáng dép xỏ ngón đế bằng<br>\r\n<br>\r\nMàu sắc: Đen -  Kem - Xanh rêu<br>\r\n<br>\r\nSize: 35 - 36 - 37 - 38 - 39<br>\r\n<br>\r\nXuất xứ thương hiệu: Việt Nam', 13, ''),
(38, 'Dép nữ quai ngang đính lông', 990.00, '8124 dép nữ quai ngang đính lông.jpg', 'MÔ TẢ SẢN PHẨM<br>\r\n<br>\r\nDép Nữ Quai Ngang Đính Lông Sành Điệu MWC NUDE- 8124 với thiết kế dáng quai trong phối lông vũ xinh xắn giúp bạn dễ dàng phối hợp với nhiều trang phục để có một phong cách thời trang thật sành điệu và nữ tính. <br>\r\n<br>\r\nDép được làm từ chất liệu cao cấp, ép keo chắc chắn giúp sản phẩm có độ bền tối ưu và nâng niu từng bước chân của bạn.<br>\r\n<br><br><br>\r\nCHI TIẾT SẢN PHẨM<br>\r\n<br>\r\n\r\nChất liệu da PU cao cấp phối quai trong suốt<br>\r\n\r\nKiểu dáng dép quai ngang đế bằng<br>\r\n<br>\r\nMàu sắc: Đen - Trắng<br>\r\n<br>\r\nSize: 35 - 36 - 37 - 38 - 39<br>\r\n<br>\r\nXuất xứ: Việt Nam', 13, ''),
(39, 'Dép nữ MWC nude', 150.00, '8133 Dép nữ MWC nude.jpg', 'MÔ TẢ SẢN PHẨM <br>\r\n<br>\r\n[#Mã_3334] giá #150K <br>\r\n<br>\r\nDÉP NƠ SIÊU XINH - XUỐNG PHỐ LUNG LINH ! <br>\r\n<br>\r\n-> Đơn giản nhưng vẫn đáng yêu cực kì, item dép nơ mới về chắc chắn sẽ \"đốn gục\" mọi cô nàng ngay từ ánh nhìn đầu tiên :<br>\r\n<br>\r\n- Thiết kế cột nơ nữ tính lên chân xinh mê mẩn<br>\r\n<br>\r\n- Chất liệu da xịn xò mang êm dã man<br>\r\n<br>\r\n- Bảng màu Đen/ Kem hot trend mix gì cũng đẹp hết nấch<br>\r\n<br>\r\n<br>\r\nThật sự quá xuất sắc! Ib hoặc ghé Store tậu ngay nhé nàng ❤️', 13, ''),
(40, 'Dép nữ đế bệt quai ngang phối khóa thanh lịch', 150.00, '8140 dép đế bệt quai ngang phối khóa thanh lịch.jpg', 'MÔ TẢ SẢN PHẨM <br>\r\n<br>\r\nKiểu dáng thiết kế với 1 quai ngang lớn phối khóa đơn giản thanh lịch, 1 quai ngang mảnh cách điệu, đế TPR êm mềm, độ đàn hồi tốt, chống trơn trượt chắc chắn dễ đi và êm chân. Đế siêu nhẹ, chống trơn trượt. <br>\r\n<br>\r\nPhong cách đơn giản nhưng vẫn hiện đại, bắt kịp xu hướng thời trang mới. Phù hợp nhiều outfit và hoàn cảnh như dạo phố, đi biển, đi làm công sở.<br>\r\n<br><br><br>\r\nCHI TIẾT SẢN PHẨM<br>\r\n<br>\r\n\r\nChất liệu da PU cao cấp<br>\r\n<br>\r\nĐế TPR êm mềm, độ đàn hồi tốt, chống trơn trượt<br>\r\n<br>\r\nKiểu dáng dép quai ngang đế bằng<br>\r\n<br>\r\nMàu sắc: Đen - Kem - Trắng<br>\r\n<br>\r\nSize: 35 - 36 - 37 - 38 - 39<br>\r\n<br>\r\nXuất xứ: Việt Nam', 13, ''),
(41, 'Dép nữ quai ngang đính ngọc trai', 750.00, '8146 dép nữ quai ngang đính ngọc trai.jpg', 'MÔ TẢ SẢN PHẨM<br>\r\n<br>\r\nVới thiết kế quai ngang đính ngọc trai sang chảnh giúp bạn dễ dàng phối hợp với nhiều trang phục để có một phong cách thời trang thật sành điệu và nữ tính, giúp nàng luôn nổi bật trong mọi outfit, kết hợp cùng những màu sắc hot trend nhất hiện nay.<br>\r\n<br>\r\nVới chất liệu da PU cao cấp, đế TPR êm mềm, độ đàn hồi tốt, chống trơn trượt chắc chắn dễ đi và êm chân.<br>\r\n<br>\r\nPhong cách đơn giản nhưng vẫn hiện đại, bắt kịp xu hướng thời trang mới,phù hợp nhiều outfit, và hoàn cảnh khác nhau như dạo phố, đi biển, đi làm công sở.<br>\r\n<br>\r\n<br>\r\n<br>\r\nCHI TIẾT SẢN PHẨM<br>\r\n<br>\r\n\r\nChất liệu da PU cao cấp<br>\r\n<br>\r\nĐế TPR êm mềm, độ đàn hồi tốt, chống trơn trượt<br>\r\n<br>\r\nKiểu dáng dép quai ngang đế bằng<br>\r\n<br>\r\nMàu sắc: Đen -  Trắng<br>\r\n<br>\r\nSize: 35 - 36 - 37 - 38 - 39<br>\r\n<br>\r\nXuất sứ thương hiệu: Việt Nam', 13, ''),
(42, 'Dép nữ đế bánh mì cao', 117.00, '8169 Dép nữ đế bánh mì cao.jpg', 'MÔ TẢ SẢN PHẨM<br>\r\n<br>\r\nVới thiết kế quai ngang lót dán bằng vải siêu mềm, màu sắc thời trang kết hợp đế bánh mì cao 4cm cực kỳ tôn dáng, dễ đi và chắc chắn. Đế siêu nhẹ, chống trơn trượt.<br> \r\n<br>\r\nPhù hợp nhiều outfit và hoàn cảnh như dạo phố, đi biển, đi làm công sở.<br>\r\n<br><br><br>\r\nCHI TIẾT SẢN PHẨM<br>\r\n<br>\r\n\r\nChất liệu vải mềm cao cấp<br>\r\n<br>\r\nChất liệu đế cao su sẽ rảnh, chống trơn trượt, hạn chế tiếng ồn<br>\r\n<br>\r\nKiểu dáng dép bánh mì<br>\r\n<br>\r\nMàu sắc: Đen - Xanh Lá - Full đen<br>\r\n<br>\r\nSize: 35 - 36 - 37 - 38 - 39<br>\r\n<br>\r\nXuất xứ: Việt Nam', 13, ''),
(44, 'Dép nữ quai ngang chữ H mũi vuông', 125.00, '8193 dép nữ quai ngang chữ H mũi vuông.jpg', 'MÔ TẢ SẢN PHẨM<br>\r\n<br>\r\nDép chữ H quốc dân đơn giản mà sang trọng, đặc điểm nổi bật quai dép cắt hình chữ H thể hiện sự sang trọng và không bị lỗi mốt theo thời gian.<br>\r\n<br>\r\nKết hợp cùng những màu sắc hot trend nhất hiện nay với chất liệu da bóng cao cấp, đế TPR êm mềm, độ đàn hồi tốt, chống trơn trượt chắc chắn dễ đi và êm chân. Đế siêu nhẹ, chống trơn trượt. <br>\r\n<br>\r\nPhong cách đơn giản nhưng vẫn hiện đại, bắt kịp xu hướng thời trang mới. Phù hợp nhiều outfit và hoàn cảnh như dạo phố, đi biển, đi làm công sở.<br>\r\n<br><br><br>\r\nCHI TIẾT SẢN PHẨM<br>\r\n<br>\r\n\r\nChất liệu da bóng cao cấp<br>\r\n\r\nĐế TPR êm mềm, độ đàn hồi tốt, chống trơn trượt<br>\r\n<br>\r\nKiểu dáng dép quai ngang đế bằng<br>\r\n<br>\r\nMàu sắc: Đen - Xanh lá - Trắng<br>\r\n<br>\r\nSize: 35 - 36 - 37 - 38 - 39<br>\r\n<br>\r\nXuất xứ: Việt Nam', 13, ''),
(45, 'Dép Nữ Xỏ Ngón Dép Bánh Mì', 180.00, '8200 Dép Nữ Xỏ Ngón Dép Bánh Mì.jpg', 'MÔ TẢ SẢN PHẨM<br>\r\n<br>\r\nVới thiết kế quai xỏ ngón, mũi vuông thời trang, đế bánh mì cao 3cm giúp bạn dễ dàng phối hợp với nhiều trang phục để có một phong cách thời trang thật sành điệu và nữ tính, giúp nàng luôn nổi bật trong mọi outfit, kết hợp cùng những màu sắc hot trend nhất hiện nay.<br>\r\n<br>\r\nVới chất liệu da PU mềm cao cấp,đế TPR êm mềm, độ đàn hồi tốt, chống trơn trượt chắc chắn dễ đi và êm chân.<br>\r\n<br>\r\nPhong cách đơn giản nhưng vẫn hiện đại, bắt kịp xu hướng thời trang mới và hoàn cảnh khác nhau như dạo phố, đi biển, đi làm công sở.<br>\r\n<br>\r\n<br>\r\n<br>\r\nCHI TIẾT SẢN PHẨM<br>\r\n<br>\r\n\r\n- Chất liệu da PU mềm cao cấp<br>\r\n<br>\r\n- Đế TPR êm mềm, độ đàn hồi tốt, chống trơn trượt<br>\r\n<br>\r\n- Kiểu dáng dép quai ngang đế bánh mì<br>\r\n<br>\r\n- Màu sắc: Đen -  Trắng<br>\r\n<br>\r\n- Size: 35 - 36 - 37 - 38 - 39<br>\r\n<br>\r\n- Xuất sứ thương hiệu: Việt Nam', 13, ''),
(47, 'Dép nữ quai ngang siêu nhẹ', 150.00, '8304 dép nữ quai ngang siêu nhẹ.jpg', 'MÔ TẢ SẢN PHẨM <br>\r\n<br>\r\nDép thiết kế với quai ngang bằng chất liệu xốp eva cao cấp, chắc chắn, dẻo dai kết hợp cùng những màu sắc hot trend nhất hiện nay.<br>\r\n<br>\r\nĐế siêu nhẹ, chống trơn trượt phù hợp nhiều outfit, và hoàn cảnh như dạo phố, đi biển...<br>\r\n<br>\r\nPhong cách đơn giản nhưng vẫn hiện đại, bắt kịp xu hướng thời trang mới và hoàn cảnh khác nhau như dạo phố, đi biển...<br>\r\n<br><br>\r\nCHI TIẾT SẢN PHẨM<br>\r\n<br>\r\n\r\nChất liệu : xốp eva cao cấp<br>\r\n<br>\r\nĐế: TPR êm mềm, độ đàn hồi tốt, chống trơn trượt<br>\r\n<br>\r\nKiểu dáng : dép quai ngang đế bánh mì cao 5cm<br>\r\n<br>\r\nMàu sắc : Đen -  Kem - Xanh Lá<br>\r\n<br>\r\nSize: 35 - 36 - 37 - 38 - 39<br>\r\n<br>\r\nXuất sứ thương hiệu: Việt Nam<br>\r\n<br>\r\nChú ý : Kích thước so sánh một cách cẩn thận,vui lòng cho phép sai số 1-3 cm do đo lường thủ công<br>\r\n<br>\r\nDo màn hình hiển thị khác nhau và ánh sáng khác nhau, hình ảnh có thể chênh lệch 5->10% màu sắc thật của sản phẩm. <br>\r\n<br>\r\nCảm ơn bạn đã thông cảm<br>', 13, ''),
(49, 'Dép nữ quai chéo xỏ ngón', 150.00, '8256 dép nữ quai chéo xỏ ngón.jpg', 'MÔ TẢ SẢN PHẨM<br>\r\n<br>\r\nVới thiết kế quai chéo xỏ ngón cách điệu, mũi tròn thời trang, đế bánh mì cao 3cm giúp bạn dễ dàng phối hợp với nhiều trang phục để có một phong cách thời trang thật sành điệu và nữ tính, giúp nàng luôn nổi bật trong mọi outfit, kết hợp cùng những màu sắc hot trend nhất hiện nay.<br>\r\n<br>\r\nVới chất liệu da PU cao cấp, đế TPR êm mềm, độ đàn hồi tốt, chống trơn trượt chắc chắn dễ đi và êm chân.<br>\r\n<br>\r\nPhong cách đơn giản nhưng vẫn hiện đại, bắt kịp xu hướng thời trang mới và hoàn cảnh khác nhau như dạo phố, đi biển, đi làm công sở.<br>\r\n<br><br><br>\r\n \r\n\r\nCHI TIẾT SẢN PHẨM<br>\r\n<br>\r\nChất liệu da PU cao cấp<br>\r\n<br>\r\nĐế TPR êm mềm, độ đàn hồi tốt, chống trơn trượt<br>\r\n<br>\r\nKiểu dáng dép quai ngang đế bánh mì<br>\r\n<br>\r\nMàu sắc: Đen -  Trắng<br>\r\n<br>\r\nSize: 35 - 36 - 37 - 38 - 39<br>\r\n<br>\r\nXuất sứ thương hiệu: Việt Nam', 13, ''),
(50, 'Balo PSG in tên MBAPPE thời trang', 235.00, '1051 Balo PSG in tên MBAPPE thời trang.jpg', 'MÔ TẢ SẢN PHẨM : Balô MWC BALO- 1051<br>\r\n<br>\r\nBalo được thiết kế theo phong cách hàn quốc có nhiều ngăn siêu tiện lợi,phối màu sang chảnh phù hợp cho cả các bạn nam và nữ với thiết kế kiểu balo thời trang chống nước nhẹ nhàng lịch sự và sang trọng.<br>\r\n<br>\r\nBalo gồm : 1 ngăn chuyên dụng đựng Laptop kèm 3 ngăn phụ nhỏ (gồm ngăn có khóa kéo và ngăn đựng bút),vật dụng nhỏ giúp tiết kiệm thời gian tìm kiếm.1 ngăn đựng đồ dùng, 2 ngăn lưới bên hông và các ngăn nhỏ phụ mặt ngoài balo.<br>\r\n<br>\r\nBalo có sự đa dạng từ kiểu cách tới màu sắc, size…tùy theo nhu cầu của mình mà các bạn lựa chọn một sản phẩm thích hợp.Chọn balo hợp dáng người,hợp màu sắc làm tăng vẻ đẹp của trang phục bạn mặc và khẳng định ấn tượng của bạn trong mắt người đối diện.<br>\r\n<br><br><br>\r\nCHI TIẾT SẢN PHẨM<br>\r\n<br>\r\nDáng Unisex phù hợp nam nữ<br>\r\n<br>\r\nKích Thước : 46cm (D) x 16cm (C)  x 32cm (R)<br>\r\n<br>\r\nChất liệu : Vải Canvas trượt nước <br>\r\n<br>\r\nDây đeo : có thể tinh chỉnh linh hoạt theo chiều cao<br>\r\n<br>\r\nMàu sắc : Đen - Xanh đen - Xám<br>\r\n<br>\r\nXuất sứ thương hiệu : Việt Nam', 12, ''),
(51, 'Balo Unisex thời  trang phối màu độc đáo', 295.00, '1108 Balo Unisex thời  trang phối màu độc đáo.jpg', 'MÔ TẢ SẢN PHẨM : Balô MWC BALO- 1108<br>\r\n<br>\r\nBalo được thiết kế theo phong cách hàn quốc,vải dù xốp PVC chống thấm nước tốt, màu vải có độ bền cao trong quá trình sử dụng,chất vải này phải gọi là chân ái của sự lựa chọn<br>\r\n<br>\r\nBalo gồm : 1 ngăn chuyên dụng đựng Laptop kèm 3 ngăn phụ nhỏ (gồm ngăn có khóa kéo và ngăn đựng bút),vật dụng nhỏ giúp tiết kiệm thời gian tìm kiếm.1 ngăn đựng đồ dùng, 2 ngăn lưới bên hông và các ngăn nhỏ phụ mặt ngoài balo<br>\r\n<br>\r\nBalo có sự đa dạng từ kiểu cách tới màu sắc, size…tùy theo nhu cầu của mình mà các bạn lựa chọn một sản phẩm thích hợp.Chọn balo hợp dáng người,hợp màu sắc làm tăng vẻ đẹp của trang phục bạn mặc và khẳng định ấn tượng của bạn trong mắt người đối diện.<br>\r\n<br><br><br>\r\n CHI TIẾT SẢN PHẨM<br>\r\n<br>\r\n\r\nKích thước : 42*14*30<br>\r\n<br>\r\nChất liệu : vải dù xốp PVC trượt nước<br>\r\n<br>\r\nDáng : Unisex phù hợp nam nữ<br>\r\n<br>\r\nDây đeo : có thể tinh chỉnh linh hoạt theo chiều cao<br>\r\n<br>\r\nMàu sắc : Trắng / XanhĐ/ Kem/ XanhB / Hồng / Đen / Đỏ / XanhL<br>\r\n<br>\r\nXuất sứ thương hiệu : Việt Nam', 12, ''),
(52, 'Balo Nam Nữ Cao Cấp đa năng đi học, đi chơi', 235.00, '1116 Balo Nam Nữ Cao Cấp đa năng đi học, đi chơi,...jpg', 'MÔ TẢ SẢN PHẨM : Balô MWC BALO - 1116<br>\r\n<br>\r\nBalo được thiết kế theo phong cách hàn quốc phối họa tiết,vải dù xốp PVC chống thấm nước tốt, màu vải có độ bền cao trong quá trình sử dụng.<br>\r\n<br>\r\nBalo gồm  : 1 ngăn chuyên dụng đựng Laptop kèm 3 ngăn phụ nhỏ (gồm ngăn có khóa kéo và ngăn đựng bút),vật dụng nhỏ giúp tiết kiệm thời gian tìm kiếm.1 ngăn đựng đồ dùng, 2 ngăn lưới bên hông và các ngăn nhỏ phụ mặt ngoài balo.<br>\r\n<br>\r\nChọn balo hợp dáng người,hợp màu sắc làm tăng vẻ đẹp của trang phục bạn mặc và khẳng định ấn tượng của bạn trong mắt người đối diện<br>\r\n<br><br><br>\r\n CHI TIẾT SẢN PHẨM<br>\r\n<br>\r\n\r\nKích thước : 42*14*30<br>\r\n<br>\r\nChất liệu : vải dù xốp PVC trượt nước<br>\r\n<br>\r\nDáng Unisex phù hợp nam nữ<br>\r\n<br>\r\nDây đeo có thể tinh chỉnh linh hoạt theo chiều cao<br>\r\n<br>\r\nMàu sắc: Xanh đen /Đen/Xanh lá/Xanh Biển<br>\r\n<br>\r\nXuất sứ thương hiệu : Việt Nam', 12, ''),
(53, 'Balo Unisex cao cấp đa năng phối màu trắng xám', 235.00, '1124 Balo Unisex cao cấp đa năng phối màu trắng xám.jpg', 'MÔ TẢ SẢN PHẨM : Balô MWC BALO - 1124<br>\r\n<br>\r\nBalo được thiết kế phối họa tiết phong cách Hàn Quốc,có nhiều ngăn siêu tiện lợi,vải dù xốp PVC chống thấm nước tốt,thời trang, trẻ trung năng động phong cách Unisex,cả nam và nữ đều sử dụng được với thiết kế kiểu balo nhẹ nhàng lịch sự và sang trọng.<br>\r\n<br>\r\nBalo gồm 2 ngăn lớn : 1 ngăn chuyên dụng đựng Laptop kèm 3 ngăn phụ nhỏ (gồm ngăn có khóa kéo và ngăn đựng bút),vật dụng nhỏ giúp tiết kiệm thời gian tìm kiếm.1 ngăn đựng đồ dùng, 2 ngăn lưới bên hông và các ngăn nhỏ phụ mặt ngoài balo.<br>\r\n<br>\r\nBalo có sự đa dạng từ kiểu cách tới màu sắc, size…tùy theo nhu cầu của mình mà các bạn lựa chọn một sản phẩm thích hợp.Chọn balo hợp dáng người,hợp màu sắc làm tăng vẻ đẹp của trang phục bạn mặc và khẳng định ấn tượng của bạn trong mắt người đối diện.<br>\r\n<br><br><br>\r\nCHI TIẾT SẢN PHẨM<br>\r\n<br>\r\nKích thước : 42*15*29 (cm)<br>\r\n<br>\r\nChất liệu : Vải dù xốp PVC<br>\r\n<br>\r\nDáng Unisex phù hợp nam nữ<br>\r\n<br>\r\nDây đeo có thể tinh chỉnh linh hoạt theo chiều cao<br>\r\n<br>\r\nMàu sắc : Trắng/Xanh Đen<br>\r\n<br>\r\nXuất sứ thương hiệu : Việt Nam<br>\r\n<br>\r\nDo màn hình hiển thị khác nhau và ánh sáng khác nhau, hình ảnh có thể chênh lệch 5->10% màu sắc thật của sản phẩm.<br>\r\n\r\nCảm ơn bạn đã thông cảm.', 12, ''),
(54, 'Balo NY Xanh nhiều ngăn chống sốc chống thấm', 180.00, '1125 Balo NY Xanh nhiều ngăn chống sốc chống thấm.jpg', 'MÔ TẢ SẢN PHẨM : Balô MWC BALO - 1125<br>\r\n<br>\r\nBalo được thiết kế theo phong cách hàn quốc có nhiều ngăn siêu tiện lợi,phối màu sang chảnh phù hợp cho cả các bạn nam và nữ với thiết kế kiểu balo thời trang chống nước nhẹ nhàng lịch sự và sang trọng.<br>\r\n<br>\r\nBalo gồm 2 ngăn lớn : 1 ngăn chuyên dụng đựng Laptop kèm 3 ngăn phụ nhỏ (gồm ngăn có khóa kéo và ngăn đựng bút),vật dụng nhỏ giúp tiết kiệm thời gian tìm kiếm.1 ngăn đựng đồ dùng, 2 ngăn lưới bên hông và các ngăn nhỏ phụ mặt ngoài balo.<br>\r\n<br>\r\nBalo có sự đa dạng từ kiểu cách tới màu sắc, size…tùy theo nhu cầu của mình mà các bạn lựa chọn một sản phẩm thích hợp.Chọn balo hợp dáng người,hợp màu sắc làm tăng vẻ đẹp của trang phục bạn mặc và khẳng định ấn tượng của bạn trong mắt người đối diện.<br>\r\n<br><br><br>\r\n CHI TIẾT SẢN PHẨM<br>\r\n<br>\r\n\r\nKích thước : 42*14*30<br>\r\n<br>\r\nChất liệu : vải dù xốp PVC trượt nước<br>\r\n<br>\r\nDáng : Unisex phù hợp nam nữ<br>\r\n<br>\r\nDây đeo : có thể tinh chỉnh linh hoạt theo chiều cao<br>\r\n<br>\r\nMàu sắc : Đen/Xanh đen/Xám/Đỏ<br>\r\n<br>\r\nXuất sứ thương hiệu : Việt Nam', 12, ''),
(55, 'Balo MWC in chữ thời trang phù hợp mang đi học, đi chơi', 195.00, '1130 Balo MWC in chữ thời trang phù hợp mang đi học, đi chơi.jpg', 'MÔ TẢ SẢN PHẨM : Balô MWC BALO - 1130<br>\r\n<br>\r\nBalo được thiết kế theo phong cách hàn quốc với họa tiết in chữ nổi bật,bắt mắt, trẻ trung, thời trang có nhiều ngăn siêu tiện lợi,màu vải có độ bền cao trong quá trình sử dụng,chất vải này phải gọi là chân ái của sự lựa chọn,phù hợp cho cả các bạn nam và nữ với thiết kế kiểu balo nhẹ nhàng lịch sự và sang trọng.<br>\r\n<br>\r\nBalo gồm 2 ngăn lớn : 1 ngăn chuyên dụng đựng Laptop kèm 3 ngăn phụ nhỏ (gồm ngăn có khóa kéo và ngăn đựng bút),vật dụng nhỏ giúp tiết kiệm thời gian tìm kiếm.1 ngăn đựng đồ dùng, 2 ngăn lưới bên hông và các ngăn nhỏ phụ mặt ngoài balo.<br>\r\n<br>\r\nBalo có sự đa dạng từ kiểu cách tới màu sắc, size…tùy theo nhu cầu của mình mà các bạn lựa chọn một sản phẩm thích hợp.Chọn balo hợp dáng người,hợp màu sắc làm tăng vẻ đẹp của trang phục bạn mặc và khẳng định ấn tượng của bạn trong mắt người đối diện.<br>\r\n<br><br><br>\r\nCHI TIẾT SẢN PHẨM<br>\r\n<br>\r\nKích thước :  40*12*30 (cm)<br>\r\n<br>\r\nChất liệu : Vải <br>\r\n<br>\r\nDáng Unisex phù hợp nam nữ<br>\r\n<br>\r\nDây đeo có thể tinh chỉnh linh hoạt theo chiều cao<br>\r\n<br>\r\nMàu sắc : Đen/Kem<br>\r\n<br>\r\nXuất sứ thương hiệu : Việt Nam<br>\r\n<br>\r\nDo màn hình hiển thị khác nhau và ánh sáng khác nhau, hình ảnh có thể chênh lệch 5->10% màu sắc thật của sản phẩm. <br>\r\n<br>\r\nCảm ơn bạn đã thông cảm', 12, ''),
(56, 'Balo nữ phối màu trắng xanh siêu Cute', 195.00, '1137 Balo nữ phối màu trắng xanh siêu Cute.jpg', 'MÔ TẢ SẢN PHẨM : Balô MWC BALO - 1137<br>\r\n<br>\r\nBalo được thiết kế theo phong cách hàn quốc, phối màu siêu cute,chất vải cực min,những chiếc balo như thế này có thể mang theo bất cứ đâu vì ngay cả khi không may gặp thời tiết xấu chuyển mưa bất chợt thì chiếc balo chất liệu Polyester chống thấm nước có khả năng chống thấm rất tốt, bảo vệ laptop cũng như đồ vật khác trong balo không bị ướt..<br>\r\n<br>\r\nBalo gồm : 1 ngăn chuyên dụng đựng Laptop kèm 3 ngăn phụ nhỏ (gồm ngăn có khóa kéo và ngăn đựng bút),vật dụng nhỏ giúp tiết kiệm thời gian tìm kiếm.1 ngăn đựng đồ dùng, 2 ngăn lưới bên hông và các ngăn nhỏ phụ mặt ngoài balo.<br>\r\n<br>\r\nBalo có sự đa dạng từ kiểu cách tới màu sắc, size…tùy theo nhu cầu của mình mà các bạn lựa chọn một sản phẩm thích hợp.Chọn balo hợp dáng người,hợp màu sắc làm tăng vẻ đẹp của trang phục bạn mặc và khẳng định ấn tượng của bạn trong mắt người đối diện.<br>\r\n<br><br><br>\r\n CHI TIẾT SẢN PHẨM<br>\r\n<br>\r\n\r\nKích thước : 41*11*28<br>\r\n<br>\r\nChất liệu : vải dù xốp PVC trượt nước<br>\r\n<br>\r\nDáng : Unisex phù hợp nam nữ<br>\r\n<br>\r\nDây đeo : có thể tinh chỉnh linh hoạt theo chiều cao<br>\r\n<br>\r\nMàu sắc : Xám/Cam/Tím/Xanh Lá<br>\r\n<br>\r\nXuất sứ thương hiệu : Việt Nam', 12, ''),
(57, 'Balo cao cấp chống sốc chống thấm nước mang đi học, đi chơi', 195.00, '1139 Balo cao cấp chống sốc chống thấm nước mang đi học, đi chơi.jpg', 'MÔ TẢ SẢN PHẨM : Balô MWC BALO - 1139<br>\r\n<br>\r\nBalo được thiết kế theo phong cách hàn quốc phối màu siêu xinh,vải dù xốp PVC chống thấm nước tốt, màu vải có độ bền cao trong quá trình sử dụng,chất vải này phải gọi là chân ái của sự lựa chọn phù hợp cho cả các bạn nam và nữ với thiết kế kiểu balo nhẹ nhàng lịch sự và sang trọng.<br>\r\n<br>\r\nBalo gồm 2 ngăn lớn : 1 ngăn chuyên dụng đựng Laptop kèm 3 ngăn phụ nhỏ (gồm ngăn có khóa kéo và ngăn đựng bút),vật dụng nhỏ giúp tiết kiệm thời gian tìm kiếm.1 ngăn đựng đồ dùng, 2 ngăn lưới bên hông và các ngăn nhỏ phụ mặt ngoài balo.<br>\r\n<br>\r\nBalo có sự đa dạng từ kiểu cách tới màu sắc, size…tùy theo nhu cầu của mình mà các bạn lựa chọn một sản phẩm thích hợp.Chọn balo hợp dáng người,hợp màu sắc làm tăng vẻ đẹp của trang phục bạn mặc và khẳng định ấn tượng của bạn trong mắt người đối diện.<br>\r\n<br><br><br>\r\nCHI TIẾT SẢN PHẨM<br>\r\n<br>\r\nKích thước :  40*12*32 (cm)<br>\r\n<br>\r\nChất liệu : Vải Canvas trượt nước<br>\r\n<br>\r\nDáng Unisex phù hợp nam nữ<br>\r\n<br>\r\nDây đeo có thể tinh chỉnh linh hoạt theo chiều cao<br>\r\n<br>\r\nMàu sắc : Xám / Đen<br>\r\n<br>\r\nXuất sứ thương hiệu : Việt Nam<br>\r\n<br>\r\nDo màn hình hiển thị khác nhau và ánh sáng khác nhau, hình ảnh có thể chênh lệch 5->10% màu sắc thật của sản phẩm.<br> \r\n<br>\r\n\r\nCảm ơn bạn đã thông cảm', 12, ''),
(58, 'Balo Unisex phối hồng sang chảnh', 270.00, '1145 Balo Unisex phối hồng sang chảnh.jpg', 'MÔ TẢ SẢN PHẨM : Balô MWC BALO - 1145<br>\r\n<br>\r\nBalo được thiết kế theo phong cách hàn quốc phối màu sang chảnh,có nhiều ngăn siêu tiện lợi,phù hợp cho cả các bạn nam và nữ với thiết kế kiểu balo thời trang chống nước nhẹ nhàng lịch sự và sang trọng.<br>\r\n<br>\r\nBalo gồm : 1 ngăn chuyên dụng đựng Laptop kèm 3 ngăn phụ nhỏ (gồm ngăn có khóa kéo và ngăn đựng bút),vật dụng nhỏ giúp tiết kiệm thời gian tìm kiếm.1 ngăn đựng đồ dùng, 2 ngăn lưới bên hông và các ngăn nhỏ phụ mặt ngoài balo.<br>\r\n<br>\r\nBalo có sự đa dạng từ kiểu cách tới màu sắc, size…tùy theo nhu cầu của mình mà các bạn lựa chọn một sản phẩm thích hợp.Chọn balo hợp dáng người,hợp màu sắc làm tăng vẻ đẹp của trang phục bạn mặc và khẳng định ấn tượng của bạn trong mắt người đối diện.<br>\r\n<br><br><br>\r\n CHI TIẾT SẢN PHẨM<br>\r\n<br>\r\n\r\nKích thước : 42*14*30<br>\r\n<br>\r\nChất liệu : PVC trong suốt chống thấm<br>\r\n<br>\r\nDáng : Unisex phù hợp nam nữ<br>\r\n<br>\r\nDây đeo : có thể tinh chỉnh linh hoạt theo chiều cao<br>\r\n<br>\r\nMàu sắc : Hồng/Xanh Rêu/Xanh Biển/Đen<br>\r\n<br>\r\nXuất sứ thương hiệu : Việt Nam', 12, ''),
(59, 'Balo Unisex đen đựng được laptop tiện lợi mang đi học', 270.00, '1146 Balo Unisex đen đựng được laptop tiện lợi mang đi học.jpg', 'MÔ TẢ SẢN PHẨM : Balô MWC BALO - 1146<br>\r\n<br>\r\nBalo được thiết kế theo phong cách hàn quốc có nhiều ngăn siêu tiện lợi,phối màu sang chảnh phù hợp cho cả các bạn nam và nữ với thiết kế kiểu balo thời trang chống nước nhẹ nhàng lịch sự và sang trọng.<br>\r\n<br>\r\nBalo gồm : 1 ngăn chuyên dụng đựng Laptop kèm 3 ngăn phụ nhỏ (gồm ngăn có khóa kéo và ngăn đựng bút),vật dụng nhỏ giúp tiết kiệm thời gian tìm kiếm.1 ngăn đựng đồ dùng, 2 ngăn lưới bên hông và các ngăn nhỏ phụ mặt ngoài balo.<br>\r\n<br>\r\nBalo có sự đa dạng từ kiểu cách tới màu sắc, size…tùy theo nhu cầu của mình mà các bạn lựa chọn một sản phẩm thích hợp.Chọn balo hợp dáng người,hợp màu sắc làm tăng vẻ đẹp của trang phục bạn mặc và khẳng định ấn tượng của bạn trong mắt người đối diện.<br>\r\n<br><br><br>\r\nCHI TIẾT SẢN PHẨM<br>\r\n<br>\r\n\r\nDáng Unisex phù hợp nam nữ<br>\r\n<br>\r\nKích Thước : 42*14*30<br>\r\n<br>\r\nChất liệu : Vải Canvas trượt nước <br>\r\n<br>\r\nDây đeo : có thể tinh chỉnh linh hoạt theo chiều cao<br>\r\n<br>\r\nMàu sắc : Xanh Đen - Trắng<br>\r\n<br>\r\nXuất sứ thương hiệu : Việt Nam', 12, ''),
(62, 'Balo MWC xanh cao cấp nhiều ngăn đựng', 270.00, '1150 Balo MWC xanh cao cấp nhiều ngăn đựng.jpg', 'MÔ TẢ SẢN PHẨM : Balô MWC BALO - 1150<br>\r\n<br>\r\nBalo được thiết kế theo phong cách hàn quốc có nhiều ngăn siêu tiện lợi,phối màu sang chảnh phù hợp cho cả các bạn nam và nữ với thiết kế kiểu balo thời trang chống nước nhẹ nhàng lịch sự và sang trọng.<br>\r\n<br>\r\nBalo gồm 2 ngăn lớn : 1 ngăn chuyên dụng đựng Laptop kèm 3 ngăn phụ nhỏ (gồm ngăn có khóa kéo và ngăn đựng bút),vật dụng nhỏ giúp tiết kiệm thời gian tìm kiếm.1 ngăn đựng đồ dùng, 2 ngăn lưới bên hông và các ngăn nhỏ phụ mặt ngoài balo.<br>\r\n<br>\r\nBalo có sự đa dạng từ kiểu cách tới màu sắc, size…tùy theo nhu cầu của mình mà các bạn lựa chọn một sản phẩm thích hợp.Chọn balo hợp dáng người,hợp màu sắc làm tăng vẻ đẹp của trang phục bạn mặc và khẳng định ấn tượng của bạn trong mắt người đối diện.<br>\r\n<br><br><br>\r\n CHI TIẾT SẢN PHẨM<br>\r\n\r\n<br>\r\nKích thước : 32*40*18<br>\r\n<br>\r\nChất liệu : vải dù xốp PVC trượt nước<br>\r\n<br>\r\nDáng : Unisex phù hợp nam nữ<br>\r\n<br>\r\nDây đeo : có thể tinh chỉnh linh hoạt theo chiều cao<br>\r\n<br>\r\nMàu sắc: Xanh rêu /Đen/Xanh biển/Hồng<br>\r\n<br>\r\nXuất sứ thương hiệu : Việt Nam', 12, ''),
(63, 'Balo Fortnite cao cấp chất liệu vải dù', 235.00, '1152 Balo Fortnite cao cấp chất liệu vải dù.jpg', 'MÔ TẢ SẢN PHẨM : Balô MWC BALO - 1152<br>\r\n<br>\r\nBalo được thiết kế theo phong cách hàn quốc có nhiều ngăn siêu tiện lợi,phối màu sang chảnh phù hợp cho cả các bạn nam và nữ với thiết kế kiểu balo thời trang chống nước nhẹ nhàng lịch sự và sang trọng.<br>\r\n<br>\r\nBalo gồm : 1 ngăn chuyên dụng đựng Laptop kèm 3 ngăn phụ nhỏ (gồm ngăn có khóa kéo và ngăn đựng bút),vật dụng nhỏ giúp tiết kiệm thời gian tìm kiếm.1 ngăn đựng đồ dùng, 2 ngăn lưới bên hông và các ngăn nhỏ phụ mặt ngoài balo.<br>\r\n<br>\r\nBalo có sự đa dạng từ kiểu cách tới màu sắc, size…tùy theo nhu cầu của mình mà các bạn lựa chọn một sản phẩm thích hợp.Chọn balo hợp dáng người,hợp màu sắc làm tăng vẻ đẹp của trang phục bạn mặc và khẳng định ấn tượng của bạn trong mắt người đối diện.<br>\r\n<br><br><br>\r\nCHI TIẾT SẢN PHẨM<br>\r\n<br>\r\n\r\nDáng Unisex phù hợp nam nữ<br>\r\n<br>\r\nKích Thước : 30*45*16<br>\r\n<br>\r\nChất liệu : Vải Canvas trượt nước <br>\r\n<br>\r\nDây đeo : có thể tinh chỉnh linh hoạt theo chiều cao<br>\r\n<br>\r\nMàu sắc : Đen<br>\r\n<br>\r\nXuất sứ thương hiệu : Việt Nam', 12, ''),
(64, 'Balo đi học phong cách basic', 235.00, '1156 Balo đi học phong cách basic.jpg', 'MÔ TẢ SẢN PHẨM : Balô MWC BALO - 1156<br>\r\n<br>\r\nBalo được thiết kế theo phong cách hàn quốc phối Caro,vải dù xốp PVC chống thấm nước tốt, màu vải có độ bền cao trong quá trình sử dụng,chất vải này phải gọi là chân ái của sự lựa chọn.<br>\r\n<br>\r\nBalo gồm : 1 ngăn chuyên dụng đựng Laptop kèm 3 ngăn phụ nhỏ (gồm ngăn có khóa kéo và ngăn đựng bút),vật dụng nhỏ giúp tiết kiệm thời gian tìm kiếm.1 ngăn đựng đồ dùng, 2 ngăn lưới bên hông và các ngăn nhỏ phụ mặt ngoài balo.<br>\r\n<br>\r\nBalo có sự đa dạng từ kiểu cách tới màu sắc, size…tùy theo nhu cầu của mình mà các bạn lựa chọn một sản phẩm thích hợp.Chọn balo hợp dáng người,hợp màu sắc làm tăng vẻ đẹp của trang phục bạn mặc và khẳng định ấn tượng của bạn trong mắt người đối diện..<br>\r\n<br><br><br>\r\n CHI TIẾT SẢN PHẨM<br>\r\n<br>\r\n\r\nKích thước : 40*13*30<br>\r\n<br>\r\nChất liệu : vải dù xốp PVC chống thấm<br>\r\n<br>\r\nDáng : Unisex phù hợp nam nữ<br>\r\n<br>\r\nDây đeo : có thể tinh chỉnh linh hoạt theo chiều cao<br>\r\n<br>\r\nMàu sắc : Hồng/Xanh đen/Xanh biển<br>\r\n<br>\r\nXuất sứ thương hiệu : Việt Nam', 12, ''),
(65, 'Balo MWC đen phong cách phù hợp cho học sinh', 235.00, '1157 Balo MWC đen phong cách phù hợp cho học sinh.jpg', 'MÔ TẢ SẢN PHẨM : Balô MWC BALO - 1157<br>\r\n<br>\r\nBalo được thiết kế theo phong cách Basic,phối dây thể thao, sử dụng chất vải mềm mịn ,không bai xù chống thấm nước tốt, màu vải có độ bền cao trong quá trình sử dụng,chất vải này phải gọi là chân ái của sự lựa chọn.<br>\r\n<br>\r\nBalo gồm : 1 ngăn chuyên dụng đựng Laptop kèm 3 ngăn phụ nhỏ (gồm ngăn có khóa kéo và ngăn đựng bút),vật dụng nhỏ giúp tiết kiệm thời gian tìm kiếm.1 ngăn đựng đồ dùng, 2 ngăn lưới bên hông và các ngăn nhỏ phụ mặt ngoài balo.<br>\r\n<br>\r\nBalo có sự đa dạng từ kiểu cách tới màu sắc, size…tùy theo nhu cầu của mình mà các bạn lựa chọn một sản phẩm thích hợp.Chọn balo hợp dáng người,hợp màu sắc làm tăng vẻ đẹp của trang phục bạn mặc và khẳng định ấn tượng của bạn trong mắt người đối diện..<br>\r\n<br><br><br>\r\n CHI TIẾT SẢN PHẨM<br>\r\n<br>\r\n\r\nKích thước : 42*14*30<br>\r\n<br>\r\nChất liệu : vải <br>\r\n<br>\r\nDáng : Unisex phù hợp nam nữ<br>\r\n<br>\r\nDây đeo : có thể tinh chỉnh linh hoạt theo chiều cao<br>\r\n<br>\r\nMàu sắc : Đen/Hồng/Xanh Lá/Xanh Đen<br>\r\n<br>\r\nXuất sứ thương hiệu : Việt Nam', 12, ''),
(66, 'Balo phối màu đen xanh thời trang nhiều ngăn tiện lợi', 250.00, '1159 Balo phối màu đen xanh thời trang nhiều ngăn tiện lợi.jpg', 'MÔ TẢ SẢN PHẨM : Balô MWC BALO - 1159<br>\r\n<br>\r\nBalo được thiết kế theo phong cách hàn quốc có nhiều ngăn siêu tiện lợi,phối màu sang chảnh phù hợp cho cả các bạn nam và nữ với thiết kế kiểu balo thời trang chống nước nhẹ nhàng lịch sự và sang trọng.<br>\r\n<br>\r\nBalo gồm : 1 ngăn chuyên dụng đựng Laptop kèm 3 ngăn phụ nhỏ (gồm ngăn có khóa kéo và ngăn đựng bút),vật dụng nhỏ giúp tiết kiệm thời gian tìm kiếm.1 ngăn đựng đồ dùng, 2 ngăn lưới bên hông và các ngăn nhỏ phụ mặt ngoài balo.<br>\r\n<br>\r\nBalo có sự đa dạng từ kiểu cách tới màu sắc, size…tùy theo nhu cầu của mình mà các bạn lựa chọn một sản phẩm thích hợp.Chọn balo hợp dáng người,hợp màu sắc làm tăng vẻ đẹp của trang phục bạn mặc và khẳng định ấn tượng của bạn trong mắt người đối diện.<br>\r\n<br><br><br>\r\nCHI TIẾT SẢN PHẨM<br>\r\n<br>\r\n\r\nDáng Unisex phù hợp nam nữ<br>\r\n<br>\r\nKích Thước : 42cm (D) x 14cm (C)  x 30cm (R)<br>\r\n<br>\r\nChất liệu : Vải Canvas trượt nước <br>\r\n<br>\r\nDây đeo : có thể tinh chỉnh linh hoạt theo chiều cao<br>\r\n<br>\r\nMàu sắc : Đen - Xanh lá - Xám<br>\r\n<br>\r\nXuất sứ thương hiệu : Việt Nam', 12, ''),
(67, 'Balo MWC phong cách basic cao cấp chất vải mềm', 235.00, '1165 Balo MWC phong cách basic cao cấp chất vải mềm.jpg', 'MÔ TẢ SẢN PHẨM : Balô MWC BALO - 1165<br>\r\n<br>\r\nBalo được thiết kế theo phong cách Basic,sử dụng chất vải mềm mịn,không bai xù chống thấm nước tốt, màu vải có độ bền cao trong quá trình sử dụng,chất vải này phải gọi là chân ái của sự lựa chọn.<br>\r\n<br>\r\nBalo gồm : 1 ngăn chuyên dụng đựng Laptop kèm 3 ngăn phụ nhỏ (gồm ngăn có khóa kéo và ngăn đựng bút),vật dụng nhỏ giúp tiết kiệm thời gian tìm kiếm.1 ngăn đựng đồ dùng, 2 ngăn lưới bên hông và các ngăn nhỏ phụ mặt ngoài balo.<br>\r\n<br>\r\nBalo có sự đa dạng từ kiểu cách tới màu sắc, size…tùy theo nhu cầu của mình mà các bạn lựa chọn một sản phẩm thích hợp.Chọn balo hợp dáng người,hợp màu sắc làm tăng vẻ đẹp của trang phục bạn mặc và khẳng định ấn tượng của bạn trong mắt người đối diện.<br>\r\n<br><br><br>\r\n CHI TIẾT SẢN PHẨM<br>\r\n<br>\r\n\r\nKích thước : 42*14*30<br>\r\n<br>\r\nChất liệu : vải dù <br>\r\n<br>\r\nDáng : Unisex phù hợp nam nữ<br>\r\n<br>\r\nDây đeo : có thể tinh chỉnh linh hoạt theo chiều cao<br>\r\n<br>\r\nMàu sắc : Đen/Xanh Đ/Kem<br>\r\n<br>\r\nXuất sứ thương hiệu : Việt Nam', 12, ''),
(68, 'Balo MWC học sinh xanh tiện dụng nhiều ngăn', 235.00, '1168 Balo MWC học sinh xanh tiện dụng nhiều ngăn.jpg', 'CHI TIẾT SẢN PHẨM   <br>\r\n<br>\r\nBalo được thiết kế theo phong cách Basic,sử dụng chất vải mềm mịn ,không bai xù chống thấm nước tốt, màu vải có độ bền cao trong quá trình sử dụng,chất vải này phải gọi là chân ái của sự lựa chọn.Balo gồm 2 ngăn lớn : 1 ngăn chuyên dụng đựng Laptop kèm 3 ngăn phụ nhỏ (gồm ngăn có khóa kéo và ngăn đựng bút),vật dụng nhỏ giúp tiết kiệm thời gian tìm kiếm.1 ngăn đựng đồ dùng, 2 ngăn lưới bên hông và các ngăn nhỏ phụ mặt ngoài balo.Balo có sự đa dạng từ kiểu cách tới màu sắc, size…tùy theo nhu cầu của mình mà các bạn lựa chọn một sản phẩm thích hợp.Chọn balo hợp dáng người,hợp màu sắc làm tăng vẻ đẹp của trang phục bạn mặc và khẳng định ấn tượng của bạn trong mắt người đối diện..<br>\r\n<br>\r\n\r\nChất liệu : vải mềm mịn <br>\r\n<br>\r\nDáng : Unisex phù hợp nam nữ<br>\r\n<br>\r\nDây đeo : có thể tinh chỉnh linh hoạt theo chiều cao<br>\r\n<br>\r\nXuất sứ thương hiệu : Việt Nam<br>', 12, ''),
(69, 'Giày cao gót nữ quai trong', 180.00, '3501 giày cao gót nữ quai trong.jpg', 'CHI TIẾT SẢN PHẨM<br>\r\n<br>\r\nGiày Sandal Cao Gót Quai Trong Gót Trong 7cm Cách Điệu Thời Trang thiết kế với quai ngang chất liệu mica dẻo trong êm mềm kết hợp cùng gót mica cao cấp trắng, sáng sẽ là điểm nhấn nổi bật của các nàng, giúp tăng sự sang trọng cho đôi chân của phái nữ và không bị lỗi mốt theo thời gian phù hợp cho mọi hoàn cảnh, đi làm, đi chơi, đi dạo phố vv..<br>\r\n<br>\r\n\r\nChiều cao gót 7cm<br>\r\n<br>\r\nChất liệu Mica cao cấp<br>\r\n<br>\r\nChất liệu đế TPR êm mềm, độ đàn hồi tốt, chống trơn trượt<br>\r\n<br>\r\nKiểu dáng sandal cao gót<br>\r\n<br>\r\nXuất xứ: Việt Nam', 17, ''),
(70, 'Giày cao gót nữ kem có quai', 150.00, '3548 giày cao gót nữ kem có quai.jpg', 'MÔ TẢ SẢN PHẨM<br>\r\n<br>\r\nVới kiểu dáng Slingback,quai ngang sử dụng da PU cao cấp, phối quai hậu gót vuông cao 7cm, chắc chắn và dễ đi, dễ dàng kết hợp với bất kì trang phục nào. vừa giúp tôn dáng cho các nàng vừa thể hiện được sự sang trọng và nữ tính. <br>\r\n<br>\r\nĐược thiết kế với form chuẩn với bàn chân của phụ nữ Việt Nam, sườn 4 lớp mang đến sự vững chắc giúp cho các nàng hoàn toàn tự tin trên từng bước chân. Sản phẩm chắc chắn và bền bỉ.<br>\r\n<br>\r\nPhù hợp đi tiệc, đi làm, công sở, đi học, đi chơi, du lịch,..<br>\r\n<br><br><br>\r\nCHI TIẾT SẢN PHẨM<br>\r\n<br>\r\n\r\nChiều cao gót 7cm<br>\r\n<br>\r\nChất liệu da lộn êm mềm <br>\r\n<br>\r\nChất liệu đế TPR êm mềm, độ đàn hồi tốt, chống trơn trượt<br>\r\n<br>\r\nKiểu dáng giày sandal cao gót có quai hậu<br> \r\n<br>\r\nMàu sắc: Đen / Xám / Kem / Xanh lá<br>\r\n<br>\r\nSize: 35 - 36 - 37 - 38 – 39<br>\r\n<br>\r\nXuất xứ: Việt Nam', 17, ''),
(71, 'Giày cao gót nữ quai trong phối ngọc', 195.00, '3574 giày cao gót nữ quai trong phối ngọc.jpg', 'MÔ TẢ SẢN PHẨM<br>\r\n<br>\r\nThiết kế với quai ngang chất liệu mica dẻo trong êm mềm kết hợp cùng gót mica cao cấp trắng, sáng phối quai hậu bằng ngọc trai sang chảnh sẽ là điểm nhấn nổi bật của các nàng<br>\r\n<br>\r\nGiúp tăng sự sang trọng cho đôi chân của phái nữ và không bị lỗi mốt theo thời gian phù hợp cho mọi hoàn cảnh, đi làm, đi chơi, đi dạo phố vv..<br>\r\n<br><br><br>\r\nCHI TIẾT SẢN PHẨM<br>\r\n<br>\r\n\r\nChiều cao gót 7cm<br>\r\n<br>\r\nChất liệu Mica cao cấp<br>\r\n<br>\r\nChất liệu đế TPR êm mềm, độ đàn hồi tốt, chống trơn trượt<br>\r\n<br>\r\nKiểu dáng sandal cao gót<br>\r\n<br>\r\nMàu sắc: Kem - Bạc - Nâu - Đen<br>\r\n<br>\r\nSize: 35 - 36 - 37 - 38 – 39<br>\r\n<br>\r\nXuất xứ: Việt Nam', 17, ''),
(72, 'Giày cao gót nữ phối nơ tiểu thư', 180.00, '3693 giày cao gót nữ phối nơ tiểu thư.jpg', 'MÔ TẢ SẢN PHẨM<br>\r\n<br>\r\nVới kiểu dáng Slingback, phối nơ thắt xinh xắn,gót vuông cao 3cm, chắc chắn và dễ đi, dễ dàng kết hợp với bất kì trang phục nào. vừa giúp tôn dáng cho các nàng vừa thể hiện được sự sang trọng và nữ tính. Được thiết kế form chuẩn với bàn chân của phụ nữ Việt Nam, sườn 4 lớp mang đến sự vững chắc giúp cho các nàng hoàn toàn tự tin trên từng bước chân. Sản phẩm chắc chắn và bền bỉ.<br>\r\n<br><br><br>\r\n CHI TIẾT SẢN PHẨM<br>\r\n<br>\r\n\r\nChiều cao gót 3cm<br>\r\n<br>\r\nChất liệu da PU cao cấp phối nỉ<br>\r\n<br>\r\nChất liệu đế TPR êm mềm, độ đàn hồi tốt, chống trơn trượt<br>\r\n<br>\r\nKiểu dáng giày cao gót bít mũi quai hậu<br>\r\n<br>\r\nMàu sắc: Đen - Kem - Trắng<br>\r\n<br>\r\nSize: 35 - 36 - 37 - 38 – 39<br>\r\n<br>\r\nXuất xứ: Việt Nam', 17, ''),
(73, 'Giày cao gót nữ quai ngang trong suốt gót vuông thủy tinh', 180.00, '3740 giày cao gót nữ quai ngang trong suốt gót vuông thủy tinh.jpg', 'MÔ TẢ SẢN PHẨM<br>\r\n<br>\r\nThiết kế dáng gót thủy tinh độc đáo, kéo chân dài miên man quai ngang trong suốt , gót vuông cao 5cm, chắc chắn và dễ đi, dễ dàng kết hợp với bất kì trang phục nào.Vừa giúp tôn dáng cho các nàng vừa thể hiện được sự sang trọng và nữ tính.<br> \r\n<br>\r\nĐược thiết kế với form chuẩn với bàn chân của phụ nữ Việt Nam, sườn 4 lớp mang đến sự vững chắc giúp cho các nàng hoàn toàn tự tin trên từng bước chân. Sản phẩm chắc chắn và bền bỉ.<br>\r\n<br><br><br>\r\nCHI TIẾT SẢN PHẨM<br>\r\n<br>\r\n\r\n Chiều cao gót 5cm<br>\r\n<br>\r\nChất liệu da PU cao cấp<br>\r\n<br>\r\nChất liệu đế TPR êm mềm, độ đàn hồi tốt, chống trơn trượt<br>\r\n<br>\r\nKiểu dáng giày sandal cao gót có quai hậu<br> \r\n<br>\r\nMàu sắc: Đen - Kem<br>\r\n<br>\r\nSize: 35 - 36 - 37 - 38 – 39<br>\r\n<br>\r\nXuất xứ: Việt Nam', 17, ''),
(74, 'Giày cao gót nữ da bóng mũi nhọn bít gót', 195.00, '3807 giày cao gót nữ da bóng mũi nhọn bít gót.jpg', 'MÔ TẢ SẢN PHẨM<br>\r\n<br>\r\nVới kiểu dáng Slingback,sử dụng chất da bóng thời trang với thiết kế bít mũi, bít gót đơn giản.<br>\r\n<br>\r\nGót nhọn cao 7p, chắc chắn và dễ đi, dễ dàng kết hợp với bất kì trang phục nào.<br>\r\n<br>\r\nVừa giúp tôn dáng cho các nàng vừa thể hiện được sự sang trọng và nữ tính. <br>\r\n<br>\r\nĐược thiết kế với form chuẩn với bàn chân của phụ nữ Việt Nam. <br>\r\n<br>\r\nSườn 4 lớp mang đến sự vững chắc giúp cho các nàng hoàn toàn tự tin trên từng bước chân. <br>\r\n<br>\r\nSản phẩm chắc chắn và bền bỉ.<br>\r\n<br>\r\nPhù hợp đi tiệc, đi làm, công sở, đi học, đi chơi, du lịch,..<br>\r\n<br><br><br>\r\nCHI TIẾT SẢN PHẨM<br>\r\n<br>\r\nChiều cao gót 7cm<br>\r\n<br>\r\nChất liệu da bóng cao cấp<br>\r\n<br>\r\nChất liệu đế TPR êm mềm, độ đàn hồi tốt, chống trơn trượt<br>\r\n<br>\r\nKiểu dáng giày cao gót bít mũi bít gót<br>\r\n<br>\r\nMàu sắc: Đen - Kem<br>\r\n<br>\r\nSize: 35 - 36 - 37 - 38 – 39<br>\r\n<br>\r\nXuất xứ: Việt Nam', 17, ''),
(75, 'Giày cao gót nữ quai ngang gót nhọn', 195.00, '3875 giày cao gót nữ quai ngang gót nhọn.jpg', 'MÔ TẢ SẢN PHẨM<br>\r\n<br>\r\nThiết kế với dáng gót nhọn basic kéo chân dài miên man, quai ngang mảnh cách điệu phối quai hậu,gót cao 9cm, chắc chắn và dễ đi, dễ dàng kết hợp với bất kì trang phục nào.Vừa giúp tôn dáng cho các nàng vừa thể hiện được sự sang trọng và nữ tính. Được thiết kế với form chuẩn với bàn chân của phụ nữ Việt Nam, sườn 4 lớp mang đến sự vững chắc giúp cho các nàng hoàn toàn tự tin trên từng bước chân. Sản phẩm chắc chắn và bền bỉ.<br>\r\n<br>\r\nPhù hợp đi tiệc, đi làm, công sở, đi học, đi chơi, du lịch,..<br>\r\n<br><br><br>\r\nCHI TIẾT SẢN PHẨM<br>\r\n<br>\r\n\r\nChiều cao gót 9cm<br>\r\n<br>\r\nChất liệu da PU cao cấp<br>\r\n<br>\r\nChất liệu đế TPR êm mềm, độ đàn hồi tốt, chống trơn trượt<br>\r\n<br>\r\nKiểu dáng giày sandal cao gót có quai hậu<br> \r\n<br>\r\nMàu sắc: Đen - Kem - Nâu - Hồng<br>\r\n<br>\r\nSize: 35 - 36 - 37 - 38 – 39<br>\r\n<br>\r\nXuất xứ: Việt Nam', 17, ''),
(76, 'Giày cao gót nữ da bóng phối quai hậu mũi nhọn', 195.00, '3905 giày cao gót nữ da bóng phối quai hậu mũi nhọn.jpg', 'MÔ TẢ SẢN PHẨM<br>\r\n<br>\r\nVới kiểu dáng Slingback,sử dụng chất da bóng thời trang phối quai hậu đơn giản,gót nhọn cao 7p, chắc chắn và dễ đi, dễ dàng kết hợp với bất kì trang phục nào,vừa giúp tôn dáng cho các nàng vừa thể hiện được sự sang trọng và nữ tính.<br> \r\n<br>\r\nPhù hợp đi tiệc, đi làm, công sở, đi học, đi chơi, du lịch,..<br>\r\n<br><br><br>\r\nCHI TIẾT SẢN PHẨM<br>\r\n<br>\r\n\r\nChiều cao gót 7cm<br>\r\n<br>\r\nChất liệu da bóng cao cấp<br>\r\n<br>\r\nChất liệu đế TPR êm mềm, độ đàn hồi tốt, chống trơn trượt<br>\r\n<br>\r\nKiểu dáng giày cao gót bít mũi quai hậu<br>\r\n<br>\r\nMàu sắc: Đen - Hồng - Nâu<br>\r\n<br>\r\nSize: 35 - 36 - 37 - 38 – 39<br>\r\n<br>\r\nXuất xứ: Việt Nam', 17, ''),
(77, 'Giày cao gót nữ quai ngang đính ngọc gót vuông', 195.00, '3917 giày cao gót nữ quai ngang đính ngọc gót vuông.jpg', 'MÔ TẢ SẢN PHẨM<br>\r\n<br>\r\nVới kiểu dáng thiết kế quai ngang bằng vải ren cao cấp đính ngọc trai sang chảnh, phối màu thời trang,mũi vuông basic gót vuông cách điệu cao 5cm kết hợp cùng quai hậu,giày chắc chắn và dễ đi, dễ dàng kết hợp với bất kì trang phục nào. vừa giúp tôn dáng cho các nàng vừa thể hiện được sự sang trọng và nữ tính. Được thiết kế với form chuẩn bàn chân của phụ nữ Việt Nam, sườn 4 lớp mang đến sự vững chắc giúp cho các nàng hoàn toàn tự tin trên từng bước chân.<br>\r\n<br>\r\nPhù hợp đi tiệc, đi làm, công sở, đi học, đi chơi, du lịch,..<br>\r\n<br><br><br>\r\nCHI TIẾT SẢN PHẨM<br>\r\n<br>\r\n\r\nChiều cao gót 5cm<br>\r\n<br>\r\nChất liệu vải ren cao cấp<br>\r\n<br>\r\nChất liệu đế TPR êm mềm, độ đàn hồi tốt, chống trơn trượt<br>\r\n<br>\r\nKiểu dáng giày sandal cao gót quai hậu<br>\r\n<br>\r\nMàu sắc: Đen - Trắng<br>\r\n<br>\r\nSize: 35 - 36 - 37 - 38 – 39<br>\r\n<br>\r\nXuất xứ: Việt Nam', 17, ''),
(78, 'Giày cao gót nữ quai trong gót trong', 195.00, '4107 giày cao gót nữ quai trong gót trong.jpg', 'MÔ TẢ SẢN PHẨM<br>\r\n<br>\r\nThiết kế hai quai ngang song song với chất liệu mica dẻo trong êm mềm kết hợp cùng gót mica cao cấp trắng, sáng sẽ là điểm nhấn nổi bật của các nàng, giúp tăng sự sang trọng cho đôi chân của phái nữ.và không bị lỗi mốt theo thời gian phù hợp cho mọi hoàn cảnh, đi làm, đi chơi, đi dạo phố vv..<br>\r\n<br><br><br>\r\nCHI TIẾT SẢN PHẨM<br>\r\n<br>\r\n\r\nChiều cao gót 7cm<br>\r\n<br>\r\nChất liệu Mica cao cấp<br>\r\n<br>\r\nChất liệu đế TPR êm mềm, độ đàn hồi tốt, chống trơn trượt<br>\r\n<br>\r\nKiểu dáng dép cao gót<br>\r\n<br>\r\nMàu sắc: Kem-Bạc-Trắng<br>\r\n<br>\r\nSize: 35 - 36 - 37 - 38 – 39<br>\r\n<br>\r\nXuất xứ: Việt Nam', 17, ''),
(79, 'Giày cao gót nữ quai ngang kim tuyến', 195.00, '4128 giày cao gót nữ quai ngang kim tuyến.jpg', 'MÔ TẢ SẢN PHẨM<br>\r\n<br>\r\nVới kiểu dáng Thiết kế basic quai ngang đính kim tuyến sang chảnh gót vuông viền cách điệu cao 3p, chắc chắn và dễ đi, dễ dàng kết hợp với bất kì trang phục nào.<br>\r\n<br>\r\nVừa giúp tôn dáng cho các nàng vừa thể hiện được sự sang trọng và nữ tính.<br> \r\n<br>\r\nĐược thiết kế với form chuẩn bàn chân của phụ nữ Việt Nam, sườn 4 lớp mang đến sự vững chắc giúp cho các nàng hoàn toàn tự tin trên từng bước chân. <br>\r\n<br>\r\nSản phẩm chắc chắn và bền bỉ.<br>\r\n<br>\r\nPhù hợp đi tiệc, đi làm, công sở, đi học, đi chơi, du lịch,..<br>\r\n<br><br><br>\r\nCHI TIẾT SẢN PHẨM<br>\r\n<br>\r\n\r\nChiều cao gót 3cm<br>\r\n<br>\r\nChất liệu da PU cao cấp<br>\r\n<br>\r\nChất liệu đế TPR êm mềm, độ đàn hồi tốt, chống trơn trượt<br>\r\n<br>\r\nKiểu dáng giày sandal cao gót quai hậu<br>\r\n<br>\r\nMàu sắc: Đen - Vàng - Bạc<br>\r\n<br>\r\nSize: 35 - 36 - 37 - 38 – 39<br>\r\n<br>\r\nXuất xứ: Việt Nam', 17, ''),
(80, 'Giày cao gót nữ quai ngang phối lưới đính ngọc', 195.00, '4242 giày cao gót nữ quai ngang phối lưới đính ngọc.jpg', 'MÔ TẢ SẢN PHẨM<br>\r\n<br>\r\nVới kiểu dáng Slingback,quai ngang sử dụng da PU cao cấp phối lưới đính ngọc trai sang chảnh<br>\r\n<br>\r\nKết hợp quai hậu gót vuông cao 5cm, chắc chắn và dễ đi, dễ dàng kết hợp với bất kì trang phục nào. vừa giúp tôn dáng cho các nàng vừa thể hiện được sự sang trọng và nữ tính. <br>\r\n<br>\r\nĐược thiết kế với form chuẩn với bàn chân của phụ nữ Việt Nam, sườn 4 lớp mang đến sự vững chắc giúp cho các nàng hoàn toàn tự tin trên từng bước chân. <br>\r\n<br>\r\nSản phẩm chắc chắn và bền bỉ.<br>\r\n<br>\r\nPhù hợp đi tiệc, đi làm, công sở, đi học, đi chơi, du lịch,..<br>\r\n<br><br><br>\r\nCHI TIẾT SẢN PHẨM<br>\r\n<br>\r\n\r\nChiều cao gót 5cm<br>\r\n<br>\r\nChất liệu da PU cao cấp<br>\r\n<br>\r\nChất liệu đế TPR êm mềm, độ đàn hồi tốt, chống trơn trượt<br>\r\n<br>\r\nKiểu dáng giày sandal cao gót có quai hậu<br> \r\n<br>\r\nMàu sắc: Đen - Trắng<br>\r\n<br>\r\nSize: 35 - 36 - 37 - 38 – 39<br>\r\n<br>\r\nXuất xứ: Việt Nam', 17, ''),
(81, 'Giày cao gót nữ quai ngang nhún gót xoắn', 195.00, '4270 giày cao gót nữ quai ngang nhún gót xoắn.jpg', 'MÔ TẢ SẢN PHẨM<br>\r\n<br>\r\nThiết kế dáng gót xoắn cách điệu cao 7cm kéo chân dài miên man, quai ngang nhún êm,mềm trong từng bước đi với thiết kế sang chảnh.Vừa giúp tôn dáng cho các nàng vừa thể hiện được sự sang trọng và nữ tính.<br>\r\n<br>\r\nĐược thiết kế với form chuẩn với bàn chân của phụ nữ Việt Nam, sườn 4 lớp mang đến sự vững chắc giúp cho các nàng hoàn toàn tự tin trên từng bước chân. Sản phẩm chắc chắn và bền bỉ.<br>\r\n<br>\r\nPhù hợp đi tiệc, đi làm, công sở, đi học, đi chơi, du lịch,..<br>\r\n<br><br><br>\r\nCHI TIẾT SẢN PHẨM<br>\r\n<br>\r\n\r\nChiều cao gót 7cm<br>\r\n<br>\r\nChất liệu da PU cao cấp phối vải<br>\r\n<br>\r\nChất liệu đế TPR êm mềm, độ đàn hồi tốt, chống trơn trượt<br>\r\n<br>\r\nKiểu dáng giày sandal cao gót có quai hậu<br> \r\n<br>\r\nMàu sắc: Đen/Kem/Trắng<br>\r\n<br>\r\nSize: 35 - 36 - 37 - 38 – 39<br>\r\n<br>\r\nXuất xứ: Việt Nam', 17, ''),
(82, 'Giày cao gót nữ quai ngang phối dạ', 195.00, '4271 giày cao gót nữ quai ngang phối dạ.jpg', 'MÔ TẢ SẢN PHẨM<br>\r\n<br>\r\nThiết kế với quai ngang chất liệu dạ kẻ caro êm mềm phối màu sang chảnh.<br>\r\n<br>\r\nQuai hậu cùng gót trụ cao 7cm sẽ là điểm nhấn nổi bật của các nàng<br>\r\n<br>\r\nGiúp tăng sự sang trọng cho đôi chân của phái nữ.và không bị lỗi mốt theo thời gian <br>\r\n<br>\r\nPhù hợp cho mọi hoàn cảnh, đi làm, đi chơi, đi dạo phố vv..<br>\r\n<br><br><br>\r\nCHI TIẾT SẢN PHẨM<br>\r\n<br>\r\n\r\nChiều cao gót 7cm<br>\r\n<br>\r\nChất liệu dạ cao cấp<br>\r\n<br>\r\nChất liệu đế TPR êm mềm, độ đàn hồi tốt, chống trơn trượt<br>\r\n<br>\r\nKiểu dáng sandal cao gót<br>\r\n<br>\r\nMàu sắc: Kem - Đen<br>\r\n<br>\r\nSize: 35 - 36 - 37 - 38 – 39<br>\r\n<br>\r\nXuất xứ: Việt Nam', 17, '');
INSERT INTO `product` (`id`, `name`, `price`, `image`, `description`, `id_cate`, `chatlieu`) VALUES
(83, 'Giày cao gót nữ quai chéo gót tam giác', 195.00, '4296 giày cao gót nữ quai chéo gót tam giác.jpg', 'MÔ TẢ SẢN PHẨM<br>\r\n<br>\r\nKiểu dáng đơn giản,với thiết kế quai chéo da bóng gót tam giác cao 9cm kết hợp mũi vuông trẻ trung, tạo cho bạn một vẻ ngoài sang trọng và nữ tính.<br>\r\n<br>\r\nDù bạn là một cô gái cá tính hay điệu đà, dép cao gót vẫn luôn có cách để tôn vinh tính cách của bạn.<br>\r\n<br>\r\nDép chắc chắn và dễ đi, dễ dàng kết hợp với bất kì trang phục nào. vừa giúp tôn dáng cho các nàng vừa thể hiện được sự sang trọng và nữ tính.<br>\r\n<br><br><br>\r\nCHI TIẾT SẢN PHẨM<br>\r\n<br>\r\n\r\nChiều cao gót 9cm<br>\r\n<br>\r\nChất liệu da PU cao cấp<br>\r\n<br>\r\nChất liệu đế TPR êm mềm, độ đàn hồi tốt, chống trơn trượt<br>\r\n<br>\r\nKiểu dáng dép cao gót<br>\r\n<br>\r\nMàu sắc: Đen - Trắng<br>\r\n<br>\r\nSize: 35 - 36 - 37 - 38 – 39<br>\r\n<br>\r\nXuất xứ: Việt Nam', 17, ''),
(84, 'Giày cao gót nữ quai ngang mảnh gót vuông', 215.00, '4331 giày cao gót nữ quai ngang mảnh gót vuông.jpg', 'MÔ TẢ SẢN PHẨM<br>\r\n<br>\r\nMã SP: Giày Sandal Cao Gót MWC - 4331 Sandal Cao Gót Quai Ngang Mảnh Gót Vuông 7cm Quai Hậu Phối Cườm Sang Chảnh Thời Trang<br>\r\n<br>\r\nKiểu dáng thiết kế basic quai ngang mảnh gót vuông cao 7p với quai hậu phối cườm đinh nơ tiểu thư sang chảnh, chắc chắn và dễ đi, dễ dàng kết hợp với bất kì trang phục nào,vừa giúp tôn dáng cho các nàng vừa thể hiện được sự sang trọng và nữ tính.<br>\r\n<br>\r\nĐược thiết kế với form chuẩn bàn chân của phụ nữ Việt Nam, sườn 4 lớp mang đến sự vững chắc giúp cho các nàng hoàn toàn tự tin trên từng bước chân. Sản phẩm chắc chắn và bền bỉ.<br>\r\n<br>\r\nPhù hợp đi tiệc, đi làm, công sở, đi học, đi chơi, du lịch,..<br>\r\n<br><br><br>\r\nCHI TIẾT SẢN PHẨM<br>\r\n<br>\r\n\r\nChiều cao gót 7cm<br>\r\n<br>\r\nChất liệu da PU cao cấp<br>\r\n<br>\r\nChất liệu đế TPR êm mềm, độ đàn hồi tốt, chống trơn trượt<br>\r\n<br>\r\nKiểu dáng giày sandal cao gót quai hậu<br>\r\n<br>\r\nMàu sắc: Đen - Trắng -Kem<br>\r\n<br>\r\nSize: 35 - 36 - 37 - 38 – 39<br>\r\n<br>\r\nXuất xứ: Việt Nam', 17, ''),
(85, 'Giày cao gót nữ đế đúp quai ngang', 235.00, '4377 giày cao gót nữ đế đúp quai ngang.jpg', 'MÔ TẢ SẢN PHẨM<br>\r\n<br>\r\nThiết kế dáng đế đúp cao 10cm kéo chân dài miên man với quai ngang cách điệu phối quai hậu,chắc chắn và dễ đi, dễ dàng kết hợp với bất kì trang phục nào.<br>\r\n<br>\r\nVừa giúp tôn dáng cho các nàng vừa thể hiện được sự sang trọng và nữ tính.<br> \r\n<br>\r\nĐược thiết kế với form chuẩn với bàn chân của phụ nữ Việt Nam<br>\r\n<br>\r\nSườn 4 lớp mang đến sự vững chắc giúp cho các nàng hoàn toàn tự tin trên từng bước chân. <br>\r\n<br>\r\nSản phẩm chắc chắn và bền bỉ.<br>\r\n<br>\r\nPhù hợp đi tiệc, đi làm, công sở, đi học, đi chơi, du lịch,..<br>\r\n<br><br><br>\r\nCHI TIẾT SẢN PHẨM<br>\r\n<br>\r\n\r\nChiều cao gót 7cm<br>\r\n<br>\r\nChất liệu da PU cao cấp <br>\r\n<br>\r\nChất liệu đế TPR êm mềm, độ đàn hồi tốt, chống trơn trượt<br>\r\n<br>\r\nKiểu dáng giày sandal cao gót có quai hậu<br> \r\n<br>\r\nMàu sắc: Trắng<br>\r\n<br>\r\nSize: 35 - 36 - 37 - 38 – 39<br>\r\n<br>\r\nXuất xứ: Việt Nam', 17, ''),
(86, 'Giày cao gót nữ phối nơ đính đá sang chảnh', 235.00, '4388 giày cao gót nữ phối nơ đính đá sang chảnh.jpg', 'MÔ TẢ SẢN PHẨM<br>\r\n<br>\r\nThiết kế dáng đế đúp cao 10cm kéo chân dài miên man với quai ngang cách điệu phối quai hậu,chắc chắn và dễ đi, dễ dàng kết hợp với bất kì trang phục nào.<br>\r\n<br>\r\nVừa giúp tôn dáng cho các nàng vừa thể hiện được sự sang trọng và nữ tính.<br> \r\n<br>\r\nĐược thiết kế với form chuẩn với bàn chân của phụ nữ Việt Nam<br>\r\n<br>\r\nSườn 4 lớp mang đến sự vững chắc giúp cho các nàng hoàn toàn tự tin trên từng bước chân. <br>\r\n<br>\r\nSản phẩm chắc chắn và bền bỉ.<br>\r\n<br>\r\nPhù hợp đi tiệc, đi làm, công sở, đi học, đi chơi, du lịch,..<br>\r\n<br>\r\nCHI TIẾT SẢN PHẨM<br>\r\n<br>\r\n\r\nChiều cao gót 7cm<br>\r\n<br>\r\nChất liệu da PU cao cấp <br>\r\n<br>\r\nChất liệu đế TPR êm mềm, độ đàn hồi tốt, chống trơn trượt<br>\r\n<br>\r\nKiểu dáng giày sandal cao gót có quai hậu \r\n<br>\r\nMàu sắc: Trắng<br>\r\n<br>\r\nSize: 35 - 36 - 37 - 38 – 39<br>\r\n<br>\r\nXuất xứ: Việt Nam', 17, ''),
(87, 'Giày nam thể thao MWC NATT đế dày', 250.00, '5325 giày nam thể thao MWC NATT đế dày.jpg', 'MÔ TẢ SẢN PHẨM<br>\r\n<br>\r\n\r\nThiết kế theo phong cách hiện đại, màu sắc khỏe khoắn, sang trọng mang đến cho bạn 1 diện mạo hoàn toàn cá tính. <br>\r\n<br>\r\nĐặc biệt sản phẩm sử dụng chất liệu cao cấp có độ bền tối ưu giúp bạn thoải mái trong mọi hoàn cảnh.<br>\r\n<br>\r\nChất liệu cao cấp: thoáng khí cả mặt trong lẫn mặt ngoài khiến người mang luôn cảm thấy dễ chịu dù hoạt động trong thời gian dài.<br>\r\n<br>\r\nThiết kế thông minh: Giày có trọng lượng nhẹ.<br>\r\n<br>\r\nLớp lót có lỗ thông hơi giúp đôi giày luôn thoáng khí, không gây hầm bí hay khó chịu khi mang.<br>\r\n<br>\r\nĐặc biệt phần đế được làm bằng cao su tổng hợp, êm ái, thiết kế chống trơn trượt cực kì hiệu quả <br>\r\n<br>\r\nThích hợp với mọi hoạt động: Sản phẩm thích hợp cho các hoạt động thể thao như: đi bộ, chạy bộ, đi làm, đi chơi hay tập luyện<br>', 15, ''),
(88, 'Giày nam Balenciaga trắng', 295.00, '5348 giày nam Balenciaga trắng.jpg', 'MÔ TẢ SẢN PHẨM<br>\r\n<br>\r\n\r\nGiày Thể Thao Nam MWC NATT - 5348 với chất vải chuyên dụng trong thể thao tạo cảm giác thoải mái, đồng thời với kiểu dáng thể thao năng động, thiết kế hiện đại sản phẩm sẽ mang đến một phong cách trẻ trung, cá tính cho bạn.<br>\r\n<br>\r\nĐối với một tủ quần áo thể thao chuyên dụng tỉ mẩn, thì đôi giày này xứng đáng có một chỗ đứng trong đó. <br>\r\n<br>\r\nĐế đệm gan bàn chân giúp bạn thoải mái, kết hợp phần độn trên không dày, không dây đem tới kiểu dáng mới lạ. <br>\r\n<br>\r\nĐế cao su ngoài đã được kiểm tra sức ép theo thời gian, mang đến sự hoàn thiện trong phong cách.<br>', 15, ''),
(89, 'Giày nam Balenciaga đen độc  đáo', 295.00, '5353 giày nam Balenciaga đen độc  đáo.jpg', 'MÔ TẢ SẢN PHẨM<br>\r\n<br>\r\nThiết kế theo phong cách hiện đại, màu sắc khỏe khoắn, sang trọng mang đến cho bạn 1 diện mạo hoàn toàn cá tính. <br>\r\n<br>\r\nĐặc biệt sản phẩm sử dụng chất liệu cao cấp có độ bền tối ưu giúp bạn thoải mái trong mọi hoàn cảnh.<br>\r\n<br>\r\nChất liệu cao cấp: thoáng khí cả mặt trong lẫn mặt ngoài khiến người mang luôn cảm thấy dễ chịu dù hoạt động trong thời gian dài.<br>\r\n<br>\r\nThiết kế thông minh: Giày có trọng lượng nhẹ.<br>\r\n<br>\r\nLớp lót có lỗ thông hơi giúp đôi giày luôn thoáng khí, không gây hầm bí hay khó chịu khi mang.<br>\r\n<br>\r\nĐặc biệt phần đế được làm bằng cao su tổng hợp, êm ái, thiết kế chống trơn trượt cực kì hiệu quả <br>\r\n<br>\r\nThích hợp với mọi hoạt động: Sản phẩm thích hợp cho các hoạt động thể thao như: đi bộ, chạy bộ, đi làm, đi chơi hay tập luyện', 15, ''),
(90, 'Giày nam thể thao LA chính hãng đen', 295.00, '5357 giày nam thể thao LA chính hãng đen.jpg', 'MÔ TẢ SẢN PHẨM <br>\r\n<br>\r\nGiày được thiết kế kiểu dáng buộc dây sneaker cực ngầu,đế độn cao 5cm phối chữ thể thao phong cách hiện đại, màu sắc khỏe khoắn.Với chất da PU cao cấp tạo cảm giác thoải mái cho bạn trong suốt quá trình vận động, mang lại một phong cách thật thời thượng mỗi khi xuống phố. <br>\r\n<br>\r\nSản phẩm có thiết kế tinh tế cùng đường may tỉ mỉ, chắc chắn, thích hợp trong các hoạt động thể thao, dạo chơi, picnic.<br>\r\n<br><br><br>\r\nCHI TIẾT SẢN PHẨM<br>\r\n<br>\r\nChiều cao giày 5cm<br>\r\n<br>\r\nChất liệu da PU cao cấp<br>\r\n<br>\r\nChất liệu đế cao su đúc êm mềm, độ đàn hồi tốt, chống trơn trượt<br>\r\n<br>\r\nKiểu dáng giày thể thao nam cổ thấp<br>\r\n<br>\r\nMàu sắc: Nâu - Đen - Xanh Rêu<br>\r\n<br>\r\nSize: 39 - 40- 41 - 42 -43<br>\r\n<br>\r\nXuất xứ: Việt Nam ', 15, ''),
(91, 'Giày nam thể thao NATT trắng', 295.00, '5366 giày nam thể thao NATT trắng.jpg', 'MÔ TẢ SẢN PHẨM<br>\r\n<br>\r\n\r\nMẫu giày được thiết kế theo phong cách hiện đại, màu sắc khỏe khoắn, sang trọng mang đến cho bạn 1 diện mạo hoàn toàn cá tính. <br>\r\n<br>\r\nĐặc biệt sản phẩm sử dụng chất liệu cao cấp có độ bền tối ưu giúp bạn thoải mái trong mọi hoàn cảnh.<br>\r\n<br>\r\nChất liệu cao cấp thoáng khí cả mặt trong lẫn mặt ngoài khiến người mang luôn cảm thấy dễ chịu dù hoạt động trong thời gian dài.<br>\r\n<br>\r\nThiết kế thông minh giày có trọng lượng nhẹ.<br>\r\n<br>\r\nLớp lót có lỗ thông hơi giúp đôi giày luôn thoáng khí, không gây hầm bí hay khó chịu khi mang.<br>\r\n<br>\r\nĐặc biệt phần đế được làm bằng cao su tổng hợp, êm ái, thiết kế chống trơn trượt cực kì hiệu quả <br>\r\n<br>\r\nThích hợp với mọi hoạt động: <br><br>\r\nSản phẩm thích hợp cho các hoạt động thể thao như: đi bộ, chạy bộ, đi làm, đi chơi hay tập luyện.', 15, ''),
(92, 'Giày nam vải Flyknit chuyên dụng', 295.00, '5380 giày nam vải Flyknit chuyên dụng.jpg', 'MÔ TẢ SẢN PHẨM<br>\r\n<br>\r\nGiày được thiết kế kiểu dáng buộc dây sneaker cực ngầu, phong cách hiện đại, màu sắc khỏe khoắn.<br>\r\n<br>\r\nVới chất vải Flyknit chuyên dụng tạo cảm giác thoải mái cho bạn trong suốt quá trình vận động, mang lại một phong cách thật thời thượng mỗi khi xuống phố. <br>\r\n<br>\r\nSản phẩm có thiết kế tinh tế cùng đường may tỉ mỉ, chắc chắn, thích hợp trong các hoạt động thể thao, dạo chơi, picni<br>\r\n<br><br><br>\r\nCHI TIẾT SẢN PHẨM<br>\r\n<br>\r\nChiều cao giày 3cm<br>\r\n<br>\r\nChất liệu vải Flyknit cao cấp<br>\r\n<br>\r\nChất liệu đế cao su đúc êm mềm, độ đàn hồi tốt, chống trơn trượt<br>\r\n<br>\r\nKiểu dáng giày thể thao nam cổ thấp<br>\r\n<br>\r\nMàu sắc: Kem - Xám <br>\r\n<br>\r\nSize: 39 - 40- 41 - 42 -43<br>\r\n<br>\r\nXuất xứ: Việt Nam ', 15, ''),
(93, 'Giày nam thể thao đen trắng đế cao', 270.00, '5382 giày nam thể thao đen trắng đế cao.jpg', 'MÔ TẢ SẢN PHẨM<br>\r\n<br>\r\nGiày được thiết kế kiểu dáng buộc dây sneaker cực ngầu, phong cách hiện đại, màu sắc khỏe khoắn.<br>\r\n<br>\r\nVới chất da PU cao cấp dập vân nổi cách điệu tạo cảm giác thoải mái cho bạn trong suốt quá trình vận động, mang lại một phong cách thật thời thượng mỗi khi xuống phố. <br>\r\n<br>\r\nSản phẩm có thiết kế tinh tế cùng đường may tỉ mỉ, chắc chắn, thích hợp trong các hoạt động thể thao, dạo chơi, picnic<br>\r\n<br><br><br>\r\nCHI TIẾT SẢN PHẨM<br>\r\n<br>\r\n\r\nChiều cao giày 3cm<br>\r\n<br>\r\nChất liệu da PU cao cấp<br>\r\n<br>\r\nChất liệu đế cao su đúc êm mềm, độ đàn hồi tốt, chống trơn trượt<br>\r\n<br>\r\nKiểu dáng giày thể thao nam cổ thấp<br>\r\n<br>\r\nMàu sắc: Xám - Đen<br>\r\n<br>\r\nSize: 39 - 40- 41 - 42 -43<br>\r\n<br>\r\nXuất xứ: Việt Nam ', 15, ''),
(94, 'Giày nam thể thao cao cấp có thoáng khí', 250.00, '5410 giày nam thể thao cao cấp có thoáng khí.jpg', 'MÔ TẢ SẢN PHẨM<br>\r\n<br>\r\nGiày được thiết kế kiểu dáng đế cao buộc dây sneaker cực ngầu,in họa tiết phong cách hiện đại, màu sắc khỏe khoắn.<br>\r\n<br>\r\nVới chất da PU cao cấp chuyên dụng tạo cảm giác thoải mái cho bạn trong suốt quá trình vận động, mang lại một phong cách thật thời thượng mỗi khi xuống phố. <br>\r\n<br>\r\nSản phẩm có thiết kế tinh tế cùng đường may tỉ mỉ, chắc chắn, thích hợp trong các hoạt động thể thao, dạo chơi, picnic<br>\r\n<br><br><br>\r\nCHI TIẾT SẢN PHẨM<br>\r\n<br>\r\nChiều cao giày 3cm<br>\r\n<br>\r\nChất liệu da PU cao cấp<br>\r\n<br>\r\nChất liệu đế cao su đúc êm mềm, độ đàn hồi tốt, chống trơn trượt<br>\r\n<br>\r\nKiểu dáng giày thể thao nam cổ thấp<br>\r\n<br>\r\nMàu sắc: Đen - Kem<br>\r\n<br>\r\nSize: 39 - 40- 41 - 42 -43<br>\r\n<br>\r\nXuất xứ: Việt Nam', 15, ''),
(95, 'Giày nam thể thao phối màu cao cấp cổ thấp', 270.00, '5421 Giày nam thể thao phối màu cao cấp cổ thấp.jpg', 'MÔ TẢ SẢN PHẨM : Giày Thể Thao Nam MWC NATT - 5421<br>\r\n<br>\r\nGiày được thiết kế kiểu dáng buộc dây sneaker cực ngầu, phong cách hiện đại, phối sọc màu khỏe khoắn,năng động.<br>\r\n<br>\r\nVới chất da Pu cao cấp phối da lộn chuyên dụng tạo cảm giác thoải mái cho bạn trong suốt quá trình vận động, mang lại một phong cách thật thời thượng mỗi khi xuống phố. <br>\r\n<br>\r\nSản phẩm có thiết kế tinh tế cùng đường may tỉ mỉ, chắc chắn, thích hợp trong các hoạt động thể thao, dạo chơi, picnic<br>\r\n<br><br><br>\r\nCHI TIẾT SẢN PHẨM<br>\r\n<br>\r\n\r\nChiều cao giày 3cm<br>\r\n<br>\r\nChất liệu da PU cao cấp<br>\r\n<br>\r\nChất liệu đế cao su đúc êm mềm, độ đàn hồi tốt, chống trơn trượt<br>\r\n<br>\r\nKiểu dáng giày thể thao nam cổ thấp<br>\r\n<br>\r\nMàu sắc: Nâu<br>\r\n<br>\r\nSize: 39 - 40- 41 - 42 -43<br>\r\n<br>\r\nXuất xứ: Việt Nam ', 15, ''),
(96, 'Giày thể thao nam cao cấp cổ thấp', 270.00, '5421 Giày thể thao nam cao cấp cổ thấp.jpg', 'MÔ TẢ SẢN PHẨM : Giày Thể Thao Nam MWC NATT - 5421<br>\r\n<br>\r\nGiày được thiết kế kiểu dáng buộc dây sneaker cực ngầu, phong cách hiện đại, phối sọc màu khỏe khoắn,năng động.<br>\r\n<br>\r\nVới chất da Pu cao cấp phối da lộn chuyên dụng tạo cảm giác thoải mái cho bạn trong suốt quá trình vận động, mang lại một phong cách thật thời thượng mỗi khi xuống phố. <br>\r\n<br>\r\nSản phẩm có thiết kế tinh tế cùng đường may tỉ mỉ, chắc chắn, thích hợp trong các hoạt động thể thao, dạo chơi, picnic<br>\r\n<br><br><br>\r\nCHI TIẾT SẢN PHẨM<br>\r\n<br>\r\n\r\nChiều cao giày 3cm<br>\r\n<br>\r\nChất liệu da PU cao cấp<br>\r\n<br>\r\nChất liệu đế cao su đúc êm mềm, độ đàn hồi tốt, chống trơn trượt<br>\r\n<br>\r\nKiểu dáng giày thể thao nam cổ thấp<br>\r\n<br>\r\nMàu sắc: Nâu<br>\r\n<br>\r\nSize: 39 - 40- 41 - 42 -43<br>\r\n<br>\r\nXuất xứ: Việt Nam ', 15, ''),
(97, 'Giày nam đen thể thao có phối chữ', 250.00, '5423 giày nam đen thể thao có phối chữ.jpg', 'MÔ TẢ SẢN PHẨM : Giày Thể Thao Nam MWC - 5423<br>\r\n<br>\r\nGiày được thiết kế kiểu dáng buộc dây sneaker cực ngầu phối chữ thể thao năng động, phong cách hiện đại,màu sắc khỏe khoắn.<br>\r\n<br>\r\nVới chất vải Flyknit chuyên dụng tạo cảm giác thoải mái cho bạn trong suốt quá trình vận động, mang lại một phong cách thật thời thượng mỗi khi xuống phố. <br>\r\n<br>\r\nSản phẩm có thiết kế tinh tế cùng đường may tỉ mỉ, chắc chắn, thích hợp trong các hoạt động thể thao, dạo chơi, picnic<br>\r\n<br><br><br>\r\nCHI TIẾT SẢN PHẨM<br>\r\n<br>\r\n\r\nChiều cao giày 3cm<br>\r\n<br>\r\nChất liệu da PU cao cấp phối lưới<br>\r\n<br>\r\nChất liệu đế cao su đúc êm mềm, độ đàn hồi tốt, chống trơn trượt<br>\r\n<br>\r\nKiểu dáng giày thể thao nam cổ thấp<br>\r\n<br>\r\nMàu sắc: Xám - Đen<br>\r\n<br>\r\nSize: 39 - 40- 41 - 42 -43<br>\r\n<br>\r\nXuất xứ: Việt Nam ', 15, ''),
(98, 'Giày nam thể thao cổ thấp phối sọc', 295.00, '5427 giày nam thể thao cổ thấp phối sọc.jpg', 'MÔ TẢ SẢN PHẨM : Giày Thể Thao Nam MWC - 5427<br>\r\n<br>\r\nGiày được thiết kế kiểu dáng buộc dây sneaker cực ngầu phối chữ thể thao năng động, phong cách hiện đại,màu sắc khỏe khoắn.<br>\r\n<br>\r\nVới chất da chuyên dụng phối lưới tạo cảm giác thoải mái cho bạn trong suốt quá trình vận động, mang lại một phong cách thật thời thượng mỗi khi xuống phố. <br>\r\n<br>\r\nSản phẩm có thiết kế tinh tế cùng đường may tỉ mỉ, chắc chắn, thích hợp trong các hoạt động thể thao, dạo chơi, picnic<br>\r\n<br><br><br>\r\nCHI TIẾT SẢN PHẨM<br>\r\n\r\n<br>\r\nChiều cao giày 3cm<br>\r\n<br>\r\nChất liệu da PU cao cấp phối lưới<br>\r\n<br>\r\nChất liệu đế cao su đúc êm mềm, độ đàn hồi tốt, chống trơn trượt<br>\r\n<br>\r\nKiểu dáng giày thể thao nam cổ thấp<br>\r\n<br>\r\nMàu sắc: Xám - Đen<br>\r\n<br>\r\nSize: 39 - 40- 41 - 42 -43<br>\r\n<br>\r\nXuất xứ: Việt Nam ', 15, ''),
(99, 'Giày nam thể thao fashion Gossgeke trắng', 270.00, '5430 giày nam thể thao fashion Gossgeke trắng.jpg', 'MÔ TẢ SẢN PHẨM : Giày Thể Thao Nam MWC NATT - 5430<br>\r\n<br>\r\nGiày được thiết kế theo phong cách hiện đại, màu sắc khỏe khoắn, sang trọng mang đến cho bạn 1 diện mạo hoàn toàn cá tính.<br> \r\n<br>\r\nĐặc biệt sản phẩm sử dụng chất liệu cao cấp có độ bền tối ưu giúp bạn thoải mái trong mọi hoàn cảnh.<br>\r\n<br>\r\nChất liệu cao cấp : thoáng khí cả mặt trong lẫn mặt ngoài khiến người mang luôn cảm thấy dễ chịu dù hoạt động trong thời gian dài.<br>\r\n<br><br><br>\r\nCHI TIẾT SẢN PHẨM : <br>\r\n\r\n<br>\r\nChiều cao giày : 3cm<br>\r\n<br>\r\nChất liệu : da PU cao cấp<br>\r\n<br>\r\nChất liệu đế cao su đúc êm mềm, độ đàn hồi tốt, chống trơn trượt<br>\r\n<br>\r\nKiểu dáng giày thể thao nam cổ thấp<br>\r\n<br>\r\nMàu sắc : Đen - Nâu - Xám<br>\r\n<br>\r\nSize: 39 - 40- 41 - 42 -43<br>\r\n<br>\r\nXuất xứ : Việt Nam ', 15, ''),
(100, 'Giày nam thể thao chất liệu da thấm nước', 270.00, '5431 giày nam thể thao chất liệu da thấm nước.jpg', 'MÔ TẢ SẢN PHẨM : Giày Thể Thao Nam MWC NATT - 5431<br>\r\n<br>\r\nGiày được thiết kế theo phong cách hiện đại, màu sắc khỏe khoắn, sang trọng mang đến cho bạn 1 diện mạo hoàn toàn cá tính.<br> \r\n<br>\r\nĐặc biệt sản phẩm sử dụng chất liệu cao cấp có độ bền tối ưu giúp bạn thoải mái trong mọi hoàn cảnh.<br>\r\n<br>\r\nChất liệu cao cấp : thoáng khí cả mặt trong lẫn mặt ngoài khiến người mang luôn cảm thấy dễ chịu dù hoạt động trong thời gian dài.<br>\r\n<br><br><br>\r\nCHI TIẾT SẢN PHẨM : <br>\r\n\r\n<br>\r\nChiều cao giày : 3cm<br>\r\n<br>\r\nChất liệu : da PU cao cấp<br>\r\n<br>\r\nChất liệu đế cao su đúc êm mềm, độ đàn hồi tốt, chống trơn trượt<br>\r\n<br>\r\nKiểu dáng giày thể thao nam cổ thấp<br>\r\n<br>\r\nMàu sắc : Đen - Nâu - Xám<br>\r\n<br>\r\nSize: 39 - 40- 41 - 42 -43<br>\r\n<br>\r\nXuất xứ : Việt Nam ', 15, ''),
(101, 'Giày nam thể thao  MWC cao cấp 2 màu', 295.00, '5441 Giày nam thể thao  MWC cao cấp 2 màu.jpg', 'MÔ TẢ SẢN PHẨM : Giày Thể Thao Nam MWC NATT - 5441<br>\r\n<br>\r\nGiày được thiết kế theo phong cách hiện đại, màu sắc khỏe khoắn, sang trọng mang đến cho bạn 1 diện mạo hoàn toàn cá tính. \r\n<br><br>\r\nĐặc biệt sản phẩm sử dụng chất liệu cao cấp có độ bền tối ưu giúp bạn thoải mái trong mọi hoàn cảnh.<br>\r\n<br>\r\nChất liệu cao cấp : thoáng khí cả mặt trong lẫn mặt ngoài khiến người mang luôn cảm thấy dễ chịu dù hoạt động trong thời gian dài.<br>\r\n<br><br><br>\r\nCHI TIẾT SẢN PHẨM<br>\r\n<br>\r\n\r\nChiều cao giày 3cm<br>\r\n<br>\r\nChất liệu : da PU cao cấp<br>\r\n<br>\r\nChất liệu đế cao su đúc êm mềm, độ đàn hồi tốt, chống trơn trượt<br>\r\n<br>\r\nKiểu dáng giày Sneaker cổ thấp<br>\r\n<br>\r\nMàu sắc: Xanh Rêu - Cam<br>\r\n<br>\r\nSize: 39 - 40- 41 - 42 -43<br>\r\n<br>\r\nXuất xứ: Việt Nam <br>\r\n<br>\r\nChú ý : Kích thước so sánh một cách cẩn thận,vui lòng cho phép sai số 1-3 cm do đo lường thủ công<br>\r\n<br>\r\nDo màn hình hiển thị khác nhau và ánh sáng khác nhau, hình ảnh có thể chênh lệch 5->10% màu sắc thật của sản phẩm. Cảm ơn bạn đã thông cảm.', 15, ''),
(102, 'Giày nam Adidas cổ thấp trắng', 295.00, '5442 Giày nam Adidas cổ thấp trắng.jpg', 'MÔ TẢ SẢN PHẨM : Giày Thể Thao Nam MWC NATT - 5441<br>\r\n<br>\r\nGiày được thiết kế theo phong cách hiện đại, màu sắc khỏe khoắn, sang trọng mang đến cho bạn 1 diện mạo hoàn toàn cá tính.<br> \r\n<br>\r\nĐặc biệt sản phẩm sử dụng chất liệu cao cấp có độ bền tối ưu giúp bạn thoải mái trong mọi hoàn cảnh.<br>\r\n<br>\r\nChất liệu cao cấp : thoáng khí cả mặt trong lẫn mặt ngoài khiến người mang luôn cảm thấy dễ chịu dù hoạt động trong thời gian dài.<br>\r\n<br><br><br>\r\nCHI TIẾT SẢN PHẨM<br>\r\n<br>\r\n\r\nChiều cao giày 3cm<br>\r\n<br>\r\nChất liệu : da PU cao cấp<br>\r\n<br>\r\nChất liệu đế cao su đúc êm mềm, độ đàn hồi tốt, chống trơn trượt<br>\r\n<br>\r\nKiểu dáng giày Sneaker cổ thấp<br>\r\n<br>\r\nMàu sắc: Trắng - Đen<br>\r\n<br>\r\nSize: 39 - 40- 41 - 42 -43<br>\r\n<br>\r\nXuất xứ: Việt Nam <br>\r\n<br>\r\nChú ý : Kích thước so sánh một cách cẩn thận,vui lòng cho phép sai số 1-3 cm do đo lường thủ công<br>\r\n<br>\r\nDo màn hình hiển thị khác nhau và ánh sáng khác nhau, hình ảnh có thể chênh lệch 5->10% màu sắc thật của sản phẩm. Cảm ơn bạn đã thông cảm.', 15, ''),
(103, 'Giày nam MWC NATT cổ thấp năng động cá tính', 295.00, '5444 Giày nam MWC NATT cổ thấp  năng động cá tính.jpg', 'MÔ TẢ SẢN PHẨM : Giày Thể Thao Nam MWC NATT - 5444<br>\r\n<br>\r\nGiày được thiết kế theo phong cách hiện đại, phối màu thời trang,phong cách khỏe khoắn,sang trọng mang đến cho bạn 1 diện mạo hoàn toàn cá tính. <br>\r\n<br>\r\nĐặc biệt sản phẩm sử dụng chất liệu cao cấp có độ bền tối ưu giúp bạn thoải mái trong mọi hoàn cảnh.<br>\r\n<br>\r\nChất liệu cao cấp : thoáng khí cả mặt trong lẫn mặt ngoài khiến người mang luôn cảm thấy dễ chịu dù hoạt động trong thời gian dài.<br>\r\n<br><br><br>\r\nCHI TIẾT SẢN PHẨM<br>\r\n<br>\r\n\r\nChiều cao giày 3cm<br>\r\n<br>\r\nChất liệu : da PU cao cấp<br>\r\n<br>\r\nChất liệu đế cao su đúc êm mềm, độ đàn hồi tốt, chống trơn trượt<br>\r\n<br>\r\nKiểu dáng giày Sneaker cổ thấp<br>\r\n<br>\r\nMàu sắc: Xanh Rêu - Xanh Biển<br>\r\n<br>\r\nSize: 39 - 40- 41 - 42 -43<br>\r\n<br>\r\nXuất xứ : Việt Nam <br>\r\n<br>\r\nChú ý : Kích thước so sánh một cách cẩn thận,vui lòng cho phép sai số 1-3 cm do đo lường thủ công<br>\r\n<br>\r\nDo màn hình hiển thị khác nhau và ánh sáng khác nhau, hình ảnh có thể chênh lệch 5->10% màu sắc thật của sản phẩm.<br>\r\n<br>\r\nCảm ơn bạn đã thông cảm.', 15, ''),
(104, 'Giày nam MWC NATT phối sọc thể thao', 250.00, '5446 giàu nam MWC NATT phối sọc thể thao.jpg', 'MÔ TẢ SẢN PHẨM : \r\n<br> <br>\r\nGiày được thiết kế theo phong cách hiện đại,mặt giày vải dệt dày dặn,chữ ép nhiệt, màu sắc khỏe khoắn, sang trọng mang đến cho bạn 1 diện mạo hoàn toàn cá tính. <br>\r\n<br>\r\nĐặc biệt sản phẩm sử dụng chất liệu cao cấp có độ bền tối ưu giúp bạn thoải mái trong mọi hoàn cảnh.<br>\r\n<br>\r\nChất liệu cao cấp : thoáng khí cả mặt trong lẫn mặt ngoài khiến người mang luôn cảm thấy dễ chịu dù hoạt động trong thời gian dài.<br>\r\n<br><br>\r\nCHI TIẾT SẢN PHẨM<br>\r\n<br>\r\n\r\nChiều cao giày 4cm<br>\r\n<br>\r\nChất liệu : vải Flyknit cao cấp<br>\r\n<br>\r\nChất liệu đế cao su đúc êm mềm, độ đàn hồi tốt, chống trơn trượt<br>\r\n<br>\r\nKiểu dáng giày Sneaker cổ thấp<br>\r\n<br>\r\nChú ý : Kích thước so sánh một cách cẩn thận,vui lòng cho phép sai số 1-3 cm do đo lường thủ công<br>\r\n<br>\r\nDo màn hình hiển thị khác nhau và ánh sáng khác nhau, hình ảnh có thể chênh lệch 5->10% màu sắc thật của sản phẩm. Cảm ơn bạn đã thông cảm.', 15, ''),
(105, 'Giày thể thao nữ MWC ', 275.00, '0554.jpg', 'MÔ TẢ SẢN PHẨM <br>\r\n<br>\r\nGiày thể thao nữ đế độn có thiết kế kiểu dáng buộc dây sneaker cực ngầu, trẻ trung, năng động cùng chất liệu bền bỉ hỗ trợ vận động tốt và bảo vệ đôi chân cho người mang, giày có tính năng thoáng khí, giúp cân bằng nhiệt và độ ẩm trong những điều kiện môi trường khác nhau.Giày mang phong cách hàng ngày với thân giày bằng da mượt mà. <br><br>\r\n\r\nForm giày thon gọn kiểu dáng năng động trẻ trung, phù hợp với mọi trang phục từ jean, âu đến quần sooc. mang lại cảm giác tự tin cho người dùng<br>\r\n<br><br><br>\r\nCHI TIẾT SẢN PHẨM<br>\r\n<br>\r\nChiều cao giày 4cm<br>\r\n<br>\r\nChất liệu da PU cao cấp<br>\r\n<br>\r\nChất liệu đế cao su đúc êm mềm, độ đàn hồi tốt, chống trơn trượt<br>\r\n<br>\r\nKiểu dáng giày thể thao cổ cao<br>\r\n<br>\r\nMàu sắc: Đen - Kem<br>\r\n<br>\r\nSize: 36 - 37 - 38 - 39 - 40<br>\r\n<br>\r\nXuất xứ: Việt Nam', 16, ''),
(106, 'Giày thể thao nữ MWC sọc Caro', 250.00, '0642.jpg', 'MÔ TẢ SẢN PHẨM : Giày thể thao nữ  MWC NUTT- 0642 <br><br>\r\nThiết kế với kiểu dáng buộc dây sneaker cực ngầu,phối vải sọc caro trẻ trung, năng động cùng chất liệu bền bỉ hỗ trợ vận động tốt và bảo vệ đôi chân cho người mang<br>\r\n<br>\r\nGiày có tính năng thoáng khí, giúp cân bằng nhiệt và độ ẩm trong những điều kiện môi trường khác nhau..<br>\r\n<br>\r\nForm giày thon gọn kiểu dáng năng động trẻ trung, phù hợp với mọi trang phục từ jean, âu đến quần sooc. mang lại cảm giác tự tin cho người dùng.<br>\r\n<br><br><br>\r\nCHI TIẾT SẢN PHẨM : <br>\r\n<br>\r\n\r\nKiểu dáng : giày thể thao cổ thấp<br>\r\n<br>\r\nChiều Cao : 5cm<br>\r\n<br>\r\nChất liệu : da PU cao cấp<br>\r\n<br>\r\nĐế : cao su đúc êm mềm, độ đàn hồi tốt, chống trơn trượt<br>\r\n<br>\r\nMàu sắc : Đen - Full Đen<br>\r\n<br>\r\nSize : 35 - 36 - 37 - 38 - 39<br>\r\n<br>\r\nXuất sứ thương hiệu : Việt Nam<br>', 16, ''),
(107, 'Giày thể thao nữ MWC chân Đế Độn 5cm', 295.00, '0645.jpg', 'MÔ TẢ SẢN PHẨM<br>\r\n<br>\r\nGiày thể thao nữ đế độn có thiết kế kiểu dáng buộc dây sneaker cực ngầu, trẻ trung, năng động cùng chất liệu bền bỉ hỗ trợ vận động tốt và bảo vệ đôi chân cho người mang, giày có tính năng thoáng khí, giúp cân bằng nhiệt và độ ẩm trong những điều kiện môi trường khác nhau.<br>\r\n<br>\r\nMẫu giày này lấy cảm hứng từ các phong cách thể thao huyền thoại trong quá khứ và đưa đến tương lai. Giày mang phong cách hàng ngày với thân giày bằng da mượt mà. <br>\r\n<br>\r\nForm giày thon gọn kiểu dáng năng động trẻ trung, phù hợp với mọi trang phục từ jean, âu đến quần sooc. mang lại cảm giác tự tin cho người dùng.<br>\r\n<br><br><br>\r\n CHI TIẾT SẢN PHẨM<br>\r\n<br>\r\n\r\nChiều cao giày 5cm<br>\r\n<br>\r\nChất liệu da PU cao cấp<br>\r\n<br>\r\nChất liệu đế cao su đúc êm mềm, độ đàn hồi tốt, chống trơn trượt<br>\r\n<br>\r\nKiểu dáng giày thể thao cổ thấp<br>\r\n<br>\r\nMàu sắc: Trắng - Đen<br>\r\n<br>\r\nSize: 36 - 37 - 38 - 39 - 40<br>\r\n<br>\r\nXuất xứ: Việt Nam', 16, ''),
(108, 'Giày thể thao nữ MWC NUTT', 270.00, '0675.jpg', 'MÔ TẢ SẢN PHẨM <br>\r\n\r\n<br>\r\nThiết kế thời trang, năng động cùng chất liệu bền bỉ hỗ trợ vận động tốt và bảo vệ đôi chân cho người mang.<br>\r\n<br>\r\nĐế cao su mềm, êm ái giúp bạn cảm thấy dễ chịu khi di chuyển trong thời gian dài. Thêm vào đó, giày thể thao nữ MWC NUTT- 0675 có tính năng thoáng khí, giúp cân bằng nhiệt và độ ẩm trong những điều kiện môi trường khác nhau.<br>\r\n<br>\r\nSản phẩm hướng theo phong cách hiện đại, khỏe khoắn, màu sắc trẻ trung phù hợp với nhiều lứa tuổi và dáng người.<br>\r\n<br>\r\nĐường may tỉ mỉ, tinh tế tạo cho bạn cảm giác yên tâm về chất lượng.<br>\r\n<br>\r\nSản phẩm có tính ứng dụng cao: thích hợp mang khi tập luyện thể thao, đi làm, đi chơi và tham gia các hoạt động thường ngày.', 16, ''),
(109, 'Giày Thể Thao Nữ Phối Màu Thời Trang Độn 4cm', 270.00, '0745.jpg', 'MÔ TẢ SẢN PHẨM : Giày thể thao nữ MWC - 0754<br>\r\n<br>\r\nSneakers đế độn được thiết kế kiểu dáng buộc dây với những đường phối màu trên thân giày tạo thành những mảnh ghép cá tính, mạnh mẽ.<br>\r\n<br>\r\nGiày được phối lưới có tính năng thoáng khí,giúp cân bằng nhiệt và độ ẩm trong những điều kiện môi trường khác nhau<br>\r\n<br>\r\nForm giày thon gọn kiểu dáng năng động trẻ trung,phù hợp với mọi trang phục từ jean, âu đến quần sooc,mang lại cảm giác tự tin cho người dùng,Sneaker phù hợp để đi làm, đi học, dạo phố….<br>\r\n<br><br><br>\r\n CHI TIẾT SẢN PHẨM<br>\r\n<br>\r\n\r\nChiều cao giày 5cm<br>\r\n<br>\r\nChất liệu da PU cao cấp phối lưới<br>\r\n<br>\r\nChất liệu đế cao su đúc êm mềm, độ đàn hồi tốt, chống trơn trượt<br>\r\n<br>\r\nKiểu dáng Sneakers cổ thấp<br>\r\n<br>\r\nMàu sắc : Xám/Đen/Xanh Biển<br>\r\n<br>\r\nSize : 36 - 37 - 38 - 39 - 40<br>\r\n<br>\r\nXuất sứ thương hiệu : Việt Nam', 16, ''),
(110, 'Giày thể thao nữ da Siêu Êm', 295.00, '0752.jpg', 'MÔ TẢ SẢN PHẨM : Giày thể thao nữ MWC - 0752<br>\r\n<br>\r\nSneakers đế độn được thiết kế kiểu dáng buộc dây với những đường vân nổi dọc thân giày tạo thành những mảnh ghép cá tính, mạnh mẽ.<br>\r\n<br>\r\nGiày có tính năng thoáng khí,giúp cân bằng nhiệt và độ ẩm trong những điều kiện môi trường khác nhau<br>\r\n<br>\r\nForm giày thon gọn kiểu dáng năng động trẻ trung,phù hợp với mọi trang phục từ jean, âu đến quần sooc,mang lại cảm giác tự tin cho người dùng,Sneaker phù hợp để đi làm, đi học, dạo phố….<br>\r\n<br><br><br>\r\n CHI TIẾT SẢN PHẨM<br>\r\n<br>\r\n\r\nChiều cao giày 5cm<br>\r\n<br>\r\nChất liệu da PU cao cấp <br>\r\n<br>\r\nChất liệu đế cao su đúc êm mềm, độ đàn hồi tốt, chống trơn trượt<br>\r\n<br>\r\nKiểu dáng Sneakers cổ thấp<br>\r\n<br>\r\nMàu sắc : Trắng/Đen<br>\r\n<br>\r\nSize : 36 - 37 - 38 - 39 - 40<br>\r\n<br>\r\nXuất sứ thương hiệu : Việt Nam<br>\r\n<br>\r\nChú ý : Kích thước so sánh một cách cẩn thận,vui lòng cho phép sai số 1-3 cm do đo lường thủ công<br>\r\n<br>\r\nDo màn hình hiển thị khác nhau và ánh sáng khác nhau, hình ảnh có thể chênh lệch 5->10% màu sắc thật của sản phẩm. <br>\r\n<br>\r\nCảm ơn bạn đã thông cảm.', 16, ''),
(111, 'Giày Thể Thao Nữ Phối Họa Tiết Nhỏ Siêu Cute', 270.00, '0764.jpg', 'MÔ TẢ SẢN PHẨM<br>\r\n<br>\r\nGiày thể thao nữ đế bằng có thiết kế kiểu dáng buộc dây sneaker năng động phối họa tiết nhỏ xinh xắn cùng chất liệu bền bỉ hỗ trợ vận động tốt và bảo vệ đôi chân cho người mang, giày có tính năng thoáng khí, giúp cân bằng nhiệt và độ ẩm trong những điều kiện môi trường khác nhau.<br>\r\n<br>\r\nMẫu giày này lấy cảm hứng từ các phong cách thể thao huyền thoại trong quá khứ và đưa đến tương lai. Giày mang phong cách hàng ngày với thân giày bằng da mượt mà. <br>\r\n<br>\r\nForm giày thon gọn kiểu dáng năng động trẻ trung, phù hợp với mọi trang phục từ jean, âu đến quần sooc. mang lại cảm giác tự tin cho người dùng.<br>\r\n<br><br><br>\r\nCHI TIẾT SẢN PHẨM<br>\r\n<br>\r\n\r\nChiều cao giày 3cm<br>\r\n<br>\r\nChất liệu da PU cao cấp<br>\r\n<br>\r\nChất liệu đế cao su đúc êm mềm, độ đàn hồi tốt, chống trơn trượt<br>\r\n<br>\r\nKiểu dáng giày thể thao cổ thấp<br>\r\n<br>\r\nMàu sắc: Xám - Xanh Biển  - Đen<br>\r\n<br>\r\nSize: 36 - 37 - 38 - 39 - 40<br>\r\n<br>\r\nXuất xứ: Việt Nam', 16, ''),
(112, 'Giày Thể Thao Nữ Phối Màu Thời Trang, Sneaker ', 295.00, '0777.jpg', 'MÔ TẢ SẢN PHẨM<br>\r\n<br>\r\nGiày thể thao nữ đế độn có thiết kế kiểu dáng buộc dây sneaker cực ngầu, phối màu trẻ trung, năng động cùng chất liệu bền bỉ hỗ trợ vận động tốt và bảo vệ đôi chân cho người mang, giày được phối lưới có tính năng thoáng khí, giúp cân bằng nhiệt và độ ẩm trong những điều kiện môi trường khác nhau.Giày mang phong cách hàng ngày với thân giày bằng da mượt mà. <br>\r\n<br>\r\nForm giày thon gọn kiểu dáng năng động trẻ trung, phù hợp với mọi trang phục từ jean, âu đến quần sooc. mang lại cảm giác tự tin cho người dùng<br>\r\n<br><br><br>\r\nCHI TIẾT SẢN PHẨM<br>\r\n<br>\r\n\r\nChiều cao giày 4cm<br>\r\n<br>\r\nChất liệu da PU cao cấp<br>\r\n<br>\r\nChất liệu đế cao su đúc êm mềm, độ đàn hồi tốt, chống trơn trượt<br>\r\n<br>\r\nKiểu dáng giày thể thao cổ thấp<br>\r\n<br>\r\nMàu sắc: Đen - Nâu - Xanh Dương<br>\r\n<br>\r\nSize: 36 - 37 - 38 - 39 - 40<br>\r\n<br>\r\nXuất xứ: Việt Nam', 16, ''),
(113, 'Giày Thể Thao Nam MWC NATT', 270.00, '5330.jpg', 'MÔ TẢ SẢN PHẨM<br>\r\n<br>\r\nVới chất vải Flyknit chuyên dụng tạo cảm giác thoải mái cho bạn trong suốt quá trình vận động. <br>\r\n<br>\r\nKiểu dáng và màu sắc hiện đại mang lại một phong cách thật thời thượng mỗi khi xuống phố. <br>\r\n<br>\r\nSản phẩm có thiết kế tinh tế cùng đường may tỉ mỉ, chắc chắn, thích hợp trong các hoạt động thể thao, dạo chơi, picnic<br>\r\n<br>\r\nChất vải chuyên dụng trong thể thao.<br>\r\n<br>\r\nCông nghệ thấm hút mồ hôi, giúp giữ mát và khô ráo suốt ngày.<br>\r\n<br>\r\nTạo cảm giác thoải mái trong suốt quá trình vận động.<br>\r\n<br>\r\nThiết kế trẻ trung, năng động.<br>\r\n<br>\r\nSử dụng tốt nhất đối với: hoạt động bình thường tại phòng tập Gym, trang phục tiện dụng', 16, ''),
(114, 'Giày Thể Thao Nam MWC NATT', 295.00, '5366.jpg', 'MÔ TẢ SẢN PHẨM<br>\r\n<br>\r\n\r\nMẫu giày được thiết kế theo phong cách hiện đại, màu sắc khỏe khoắn, sang trọng mang đến cho bạn 1 diện mạo hoàn toàn cá tính. <br>\r\n<br>\r\nĐặc biệt sản phẩm sử dụng chất liệu cao cấp có độ bền tối ưu giúp bạn thoải mái trong mọi hoàn cảnh.<br>\r\n<br>\r\nChất liệu cao cấp thoáng khí cả mặt trong lẫn mặt ngoài khiến người mang luôn cảm thấy dễ chịu dù hoạt động trong thời gian dài.<br>\r\n<br>\r\nThiết kế thông minh giày có trọng lượng nhẹ.<br>\r\n<br>\r\nLớp lót có lỗ thông hơi giúp đôi giày luôn thoáng khí, không gây hầm bí hay khó chịu khi mang.<br>\r\n<br>\r\nĐặc biệt phần đế được làm bằng cao su tổng hợp, êm ái, thiết kế chống trơn trượt cực kì hiệu quả<br> \r\n<br>\r\nThích hợp với mọi hoạt động: Sản phẩm thích hợp cho các hoạt động thể thao như: đi bộ, chạy bộ, đi làm, đi chơi hay tập luyện.<br>', 16, ''),
(115, 'Giày Thể Thao Nam Cao Cấp, Sneaker', 295.00, '5409.jpg', 'MÔ TẢ SẢN PHẨM<br>\r\n<br>\r\nGiày được thiết kế kiểu dáng buộc dây sneaker cực ngầu, phong cách hiện đại, màu sắc khỏe khoắn.<br>\r\n<br>\r\nVới chất da PU cao cấp phối lưới chuyên dụng tạo cảm giác thoải mái cho bạn trong suốt quá trình vận động, mang lại một phong cách thật thời thượng mỗi khi xuống phố. <br>\r\n<br>\r\nSản phẩm có thiết kế tinh tế cùng đường may tỉ mỉ, chắc chắn, thích hợp trong các hoạt động thể thao, dạo chơi, picnic<br>\r\n<br><br><br>\r\nCHI TIẾT SẢN PHẨM<br>\r\n<br>\r\n\r\nChiều cao giày 3cm<br>\r\n<br>\r\nChất liệu da PU cao cấp<br>\r\n<br>\r\nChất liệu đế cao su đúc êm mềm, độ đàn hồi tốt, chống trơn trượt<br>\r\n<br>\r\nKiểu dáng giày thể thao nam cổ thấp<br>\r\n<br>\r\nMàu sắc: Trắng - Đen - Kem<br>\r\n<br>\r\nSize: 39 - 40- 41 - 42 -43<br>\r\n<br>\r\nXuất xứ: Việt Nam ', 16, ''),
(116, 'Giày Thể Thao Nam Phối Sọc Thể Thao, Sneaker', 250.00, '5417.jpg', 'MÔ TẢ SẢN PHẨM : Giày Thể Thao Nam MWC - 5417<br>\r\n<br>\r\nGiày được thiết kế kiểu dáng buộc dây sneaker cực ngầu phối sọc thể thao năng động, phong cách hiện đại,màu sắc khỏe khoắn.<br>\r\n<br>\r\nVới chất vải Flyknit chuyên dụng tạo cảm giác thoải mái cho bạn trong suốt quá trình vận động, mang lại một phong cách thật thời thượng mỗi khi xuống phố. <br>\r\n<br>\r\nSản phẩm có thiết kế tinh tế cùng đường may tỉ mỉ, chắc chắn, thích hợp trong các hoạt động thể thao, dạo chơi, picnic<br>\r\n<br><br><br>\r\nCHI TIẾT SẢN PHẨM<br>\r\n<br>\r\n\r\nChiều cao giày 3cm<br>\r\n<br>\r\nChất liệu vải Flyknit cao cấp<br>\r\n<br>\r\nChất liệu đế cao su đúc êm mềm, độ đàn hồi tốt, chống trơn trượt<br>\r\n<br>\r\nKiểu dáng giày thể thao nam cổ thấp<br>\r\n<br>\r\nMàu sắc: Kem - Đen<br>\r\n<br>\r\nSize: 39 - 40- 41 - 42 -43<br>\r\n<br>\r\nXuất xứ: Việt Nam ', 16, ''),
(117, 'Giày Thể Thao Sneaker Nam Cổ Thấp Năng Động Cá Tính', 250.00, '5418.jpg', 'MÔ TẢ SẢN PHẨM : Giày Thể Thao Nam MWC - 5418<br>\r\n<br>\r\nGiày được thiết kế kiểu dáng buộc dây sneaker cực ngầu phối sọc thể thao năng động, phong cách hiện đại,màu sắc khỏe khoắn.<br>\r\n<br>\r\nVới chất vải Flyknit chuyên dụng tạo cảm giác thoải mái cho bạn trong suốt quá trình vận động, mang lại một phong cách thật thời thượng mỗi khi xuống phố. <br>\r\n<br>\r\nSản phẩm có thiết kế tinh tế cùng đường may tỉ mỉ, chắc chắn, thích hợp trong các hoạt động thể thao, dạo chơi, picnic<br>\r\n<br><br><br>\r\nCHI TIẾT SẢN PHẨM<br>\r\n<br>\r\n\r\nChiều cao giày 3cm<br>\r\n<br>\r\nChất liệu vải Flyknit cao cấp<br>\r\n<br>\r\nChất liệu đế cao su đúc êm mềm, độ đàn hồi tốt, chống trơn trượt<br>\r\n<br>\r\nKiểu dáng giày thể thao nam cổ thấp<br>\r\n<br>\r\nMàu sắc: Xám - Đen<br>\r\n<br>\r\nSize: 39 - 40- 41 - 42 -43<br>\r\n<br>\r\nXuất xứ: Việt Nam ', 16, ''),
(118, 'Giày Thể Thao Nam Phối Sọc Thể Thao Cổ Thấp', 250.00, '5419.jpg', 'MÔ TẢ SẢN PHẨM : Giày Thể Thao Nam MWC - 5419<br>\r\n<br>\r\nGiày được thiết kế kiểu dáng buộc dây sneaker cực ngầu phối sọc thể thao năng động, phong cách hiện đại,màu sắc khỏe khoắn.<br>\r\n<br>\r\nVới chất vải Flyknit chuyên dụng tạo cảm giác thoải mái cho bạn trong suốt quá trình vận động, mang lại một phong cách thật thời thượng mỗi khi xuống phố. <br>\r\n<br>\r\nSản phẩm có thiết kế tinh tế cùng đường may tỉ mỉ, chắc chắn, thích hợp trong các hoạt động thể thao, dạo chơi, picnic<br>\r\n<br><br><br>\r\nCHI TIẾT SẢN PHẨM<br>\r\n<br>\r\n\r\nChiều cao giày 3cm<br>\r\n<br>\r\nChất liệu vải Flyknit cao cấp<br>\r\n<br>\r\nChất liệu đế cao su đúc êm mềm, độ đàn hồi tốt, chống trơn trượt<br>\r\n<br>\r\nKiểu dáng giày thể thao nam cổ thấp<br>\r\n<br>\r\nMàu sắc: Xám - Đen - Trắng<br>\r\n<br>\r\nSize: 39 - 40- 41 - 42 -43<br>\r\n<br>\r\nXuất xứ: Việt Nam ', 16, ''),
(119, 'Giày Thể Thao Nam MWC NATT Năng Động', 295.00, '5425.jpg', 'MÔ TẢ SẢN PHẨM : Giày Thể Thao Nam MWC - 5425<br>\r\n<br>\r\nGiày được thiết kế kiểu dáng buộc dây sneaker cực ngầu phối sọc thể thao năng động, phong cách hiện đại,màu sắc khỏe khoắn.<br>\r\n<br>\r\nVới chất vải Flyknit chuyên dụng tạo cảm giác thoải mái cho bạn trong suốt quá trình vận động, mang lại một phong cách thật thời thượng mỗi khi xuống phố. <br>\r\n<br>\r\nSản phẩm có thiết kế tinh tế cùng đường may tỉ mỉ, chắc chắn, thích hợp trong các hoạt động thể thao, dạo chơi, picnic<br>\r\n<br><br><br>\r\nCHI TIẾT SẢN PHẨM<br>\r\n\r\n<br>\r\nChiều cao giày 3cm<br>\r\n<br>\r\nChất liệu vải Flyknit cao cấp<br>\r\n<br>\r\nChất liệu đế cao su đúc êm mềm, độ đàn hồi tốt, chống trơn trượt<br>\r\n<br>\r\nKiểu dáng giày thể thao nam cổ thấp<br>\r\n<br>\r\nMàu sắc: Xám đậm - Nâu - Xám<br>\r\n<br>\r\nSize: 39 - 40- 41 - 42 -43<br>\r\n<br>\r\nXuất xứ: Việt Nam ', 16, ''),
(120, 'Giày Thể Thao Nam MWC NATT Cá Tính', 295.00, '5439.jpg', 'MÔ TẢ SẢN PHẨM : Giày Thể Thao Nam MWC - 5417<br>\r\n<br>\r\nGiày được thiết kế kiểu dáng buộc dây sneaker cực ngầu phối màu thể thao năng động, phong cách hiện đại,màu sắc khỏe khoắn.<br>\r\n<br>\r\nVới chất vải Flyknit chuyên dụng tạo cảm giác thoải mái cho bạn trong suốt quá trình vận động, mang lại một phong cách thật thời thượng mỗi khi xuống phố. <br>\r\n<br>\r\nSản phẩm có thiết kế tinh tế cùng đường may tỉ mỉ, chắc chắn, thích hợp trong các hoạt động thể thao, dạo chơi, picnic<br>\r\n<br><br><br>\r\nCHI TIẾT SẢN PHẨM<br>\r\n<br>\r\n\r\nChiều cao giày 3cm<br>\r\n<br>\r\nChất liệu vải Flyknit cao cấp<br>\r\n<br>\r\nChất liệu đế cao su đúc êm mềm, độ đàn hồi tốt, chống trơn trượt<br>\r\n<br>\r\nKiểu dáng giày thể thao nam cổ thấp<br>\r\n<br>\r\nMàu sắc: Đen Đỏ - Đen - Xám<br>\r\n<br>\r\nSize: 39 - 40- 41 - 42 -43<br>\r\n<br>\r\nXuất xứ: Việt Nam ', 16, ''),
(121, ' Giày Thể Thao Nam MWC NATT Cao Cấp', 295.00, '5442.jpg', 'MÔ TẢ SẢN PHẨM : Giày Thể Thao Nam MWC NATT - 5441<br>\r\n<br>\r\nGiày được thiết kế theo phong cách hiện đại, màu sắc khỏe khoắn, sang trọng mang đến cho bạn 1 diện mạo hoàn toàn cá tính. <br>\r\n<br>\r\nĐặc biệt sản phẩm sử dụng chất liệu cao cấp có độ bền tối ưu giúp bạn thoải mái trong mọi hoàn cảnh.<br>\r\n<br>\r\nChất liệu cao cấp : thoáng khí cả mặt trong lẫn mặt ngoài khiến người mang luôn cảm thấy dễ chịu dù hoạt động trong thời gian dài.<br>\r\n<br><br><br>\r\nCHI TIẾT SẢN PHẨM<br>\r\n<br>\r\n\r\nChiều cao giày 3cm<br>\r\n<br>\r\nChất liệu : da PU cao cấp<br>\r\n<br>\r\nChất liệu đế cao su đúc êm mềm, độ đàn hồi tốt, chống trơn trượt<br>\r\n<br>\r\nKiểu dáng giày Sneaker cổ thấp<br>\r\n<br>\r\nMàu sắc: Trắng - Đen<br>\r\n<br>\r\nSize: 39 - 40- 41 - 42 -43<br>\r\n<br>\r\nXuất xứ: Việt Nam <br>\r\n<br>\r\nChú ý : Kích thước so sánh một cách cẩn thận,vui lòng cho phép sai số 1-3 cm do đo lường thủ công<br>\r\n<br>\r\nDo màn hình hiển thị khác nhau và ánh sáng khác nhau, hình ảnh có thể chênh lệch 5->10% màu sắc thật của sản phẩm.<br><br> Cảm ơn bạn đã thông cảm.', 16, ''),
(122, 'Giày Thể Thao Nam MWC NATT Cổ Thấp', 250.00, '5448.jpg', 'MÔ TẢ SẢN PHẨM : Giày Thể Thao Nam MWC NATT - 5448<br>\r\n<br>\r\nGiày được thiết kế theo phong cách hiện đại, mặt giày vải dệt dày dặn,ép nhiệt, màu sắc khỏe khoắn, sang trọng mang đến cho bạn 1 diện mạo hoàn toàn cá tính.<br>\r\n<br>\r\nĐặc biệt sản phẩm sử dụng chất liệu cao cấp có độ bền tối ưu giúp bạn thoải mái trong mọi hoàn cảnh.<br>\r\n<br>\r\nChất liệu cao cấp : thoáng khí cả mặt trong lẫn mặt ngoài khiến người mang luôn cảm thấy dễ chịu dù hoạt động trong thời gian dài.<br>\r\n<br><br><br>\r\nCHI TIẾT SẢN PHẨM<br>\r\n<br>\r\n\r\nChiều cao giày 3cm<br>\r\n<br>\r\nChất liệu : vải Flyknit cao cấp<br>\r\n<br>\r\nChất liệu đế cao su đúc êm mềm, độ đàn hồi tốt, chống trơn trượt<br>\r\n<br>\r\nKiểu dáng giày Sneaker cổ thấp<br>\r\n<br>\r\nMàu sắc: Trắng - Đen Đỏ - Đen Xanh<br>\r\n<br>\r\nSize: 39 - 40- 41 - 42 -43<br>\r\n<br>\r\nXuất xứ: Việt Nam <br>\r\n<br>\r\nChú ý : Kích thước so sánh một cách cẩn thận,vui lòng cho phép sai số 1-3 cm do đo lường thủ công<br>\r\n<br>\r\nDo màn hình hiển thị khác nhau và ánh sáng khác nhau, hình ảnh có thể chênh lệch 5->10% màu sắc thật của sản phẩm.<br>\r\n<br>\r\nCảm ơn bạn đã thông cảm.', 16, ''),
(123, 'Chai Vệ Sinh Giày Dép MWC', 25.00, '9001.jpg', 'Mô tả sản phẩm <br>\r\nOK <br>', 14, ''),
(124, 'Dây giày Hoa Cúc MWC', 15.00, '9005.jpg', 'Sản phẩm không có mô tả', 14, ''),
(125, 'Dây giày thể thao bản dẹp MWC', 10.00, '9006.jpg', 'Sản phẩm không có mô tả', 14, ''),
(126, 'Dây giày thể thao bản tròn MWC', 15.00, '9007.jpg', 'Sản phẩm không có mô tả', 14, ''),
(127, 'Lót Mũi Giầy Nữ Silicon MWC', 20.00, '9009.jpg', 'Sản phẩm không có mô tả', 14, ''),
(128, 'Đế Giày Tăng Chiều Cao MWC', 99.00, '9010.jpg', 'Sản phẩm không có mô tả', 14, ''),
(129, 'Vớ nam nữ MWC', 45.00, 'AT06.jpg', 'Sản phẩm không có mô tả', 14, ''),
(130, 'Vớ nam nữ MWC ', 39.00, 'AT11.jpg', 'Sản phẩm không có mô tả', 14, ''),
(131, 'Vớ nam nữ MWC', 35.00, 'AT13.jpg', 'Sản phẩm không có mô tả', 14, ''),
(132, 'Vớ nam nữ MWC', 45.00, 'AT14.jpg', 'Sản phẩm không có mô tả', 14, ''),
(133, 'Vớ nam nữ MWC', 39.00, 'AT15.jpg', 'Sản phẩm không có mô tả', 14, ''),
(134, 'Vớ nam nữ MWC', 35.00, 'AT16.jpg', 'Sản phẩm không có mô tả', 14, ''),
(135, 'Vớ nam nữ MWC', 25.00, 'AT17.jpg', 'Sản phẩm không có mô tả', 14, ''),
(136, 'Vớ nam nữ MWC', 39.00, 'AT19.jpg', 'Sản phẩm không có mô tả', 14, ''),
(137, 'Vớ nam nữ MWC', 39.00, 'AT24.jpg', 'Sản phẩm không có mô tả', 14, ''),
(138, 'Vớ nam nữ MWC', 39.00, 'AT35.jpg', 'Sản phẩm không có mô tả', 14, ''),
(139, 'Vớ nam nữ MWC', 35.00, 'AT45.jpg', 'Sản phẩm không có mô tả', 14, ''),
(140, 'Vớ nam nữ MWC ', 25.00, 'AT106.jpg', 'Sản phẩm không có mô tả', 14, '');

-- --------------------------------------------------------

--
-- Table structure for table `user`
--

CREATE TABLE `user` (
  `id` int(11) NOT NULL,
  `name` varchar(100) COLLATE utf8_unicode_ci NOT NULL,
  `password` varchar(50) COLLATE utf8_unicode_ci NOT NULL,
  `email` varchar(255) COLLATE utf8_unicode_ci NOT NULL,
  `address` varchar(255) COLLATE utf8_unicode_ci DEFAULT NULL,
  `tel` varchar(50) COLLATE utf8_unicode_ci DEFAULT NULL,
  `role` tinyint(4) NOT NULL
) ENGINE=InnoDB DEFAULT CHARSET=utf8 COLLATE=utf8_unicode_ci;

--
-- Dumping data for table `user`
--

INSERT INTO `user` (`id`, `name`, `password`, `email`, `address`, `tel`, `role`) VALUES
(1, 'nhan', '123456', 'nhan1@gmail.com', NULL, NULL, 1),
(3, 'thao1', 'thao1', 'thao1@gmail.com', '0123456789', 'suối cát', 0),
(4, 'quyen2', '1245', 'quyen2@gmail.com', NULL, NULL, 0),
(5, 'Huychimte', '240703', 'vn.lehuy@gmail.com', NULL, NULL, 0),
(6, 'admin1', '12345', 'lamphoi02@gmail.com', NULL, NULL, 0),
(7, 'phoi', '123', 'phoi1@gmail.com', NULL, NULL, 0);

--
-- Indexes for dumped tables
--

--
-- Indexes for table `bill`
--
ALTER TABLE `bill`
  ADD PRIMARY KEY (`id`);

--
-- Indexes for table `cart`
--
ALTER TABLE `cart`
  ADD PRIMARY KEY (`id`),
  ADD KEY `lk_cart_product` (`idpro`),
  ADD KEY `lk_cart_bill` (`idbill`),
  ADD KEY `lk_cart_user` (`iduser`);

--
-- Indexes for table `categories`
--
ALTER TABLE `categories`
  ADD PRIMARY KEY (`id`);

--
-- Indexes for table `comment`
--
ALTER TABLE `comment`
  ADD PRIMARY KEY (`id_bl`),
  ADD KEY `lk_iduser_user` (`id_user`),
  ADD KEY `lk_idproduct_product` (`id_product`);

--
-- Indexes for table `product`
--
ALTER TABLE `product`
  ADD PRIMARY KEY (`id`),
  ADD KEY `lk_pro_cate` (`id_cate`);

--
-- Indexes for table `user`
--
ALTER TABLE `user`
  ADD PRIMARY KEY (`id`);

--
-- AUTO_INCREMENT for dumped tables
--

--
-- AUTO_INCREMENT for table `bill`
--
ALTER TABLE `bill`
  MODIFY `id` int(11) NOT NULL AUTO_INCREMENT, AUTO_INCREMENT=39;

--
-- AUTO_INCREMENT for table `cart`
--
ALTER TABLE `cart`
  MODIFY `id` int(11) NOT NULL AUTO_INCREMENT, AUTO_INCREMENT=27;

--
-- AUTO_INCREMENT for table `categories`
--
ALTER TABLE `categories`
  MODIFY `id` int(20) NOT NULL AUTO_INCREMENT, AUTO_INCREMENT=20;

--
-- AUTO_INCREMENT for table `comment`
--
ALTER TABLE `comment`
  MODIFY `id_bl` int(11) NOT NULL AUTO_INCREMENT, AUTO_INCREMENT=14;

--
-- AUTO_INCREMENT for table `product`
--
ALTER TABLE `product`
  MODIFY `id` int(11) NOT NULL AUTO_INCREMENT, AUTO_INCREMENT=142;

--
-- AUTO_INCREMENT for table `user`
--
ALTER TABLE `user`
  MODIFY `id` int(11) NOT NULL AUTO_INCREMENT, AUTO_INCREMENT=8;

--
-- Constraints for dumped tables
--

--
-- Constraints for table `cart`
--
ALTER TABLE `cart`
  ADD CONSTRAINT `lk_cart_bill` FOREIGN KEY (`idbill`) REFERENCES `bill` (`id`),
  ADD CONSTRAINT `lk_cart_product` FOREIGN KEY (`idpro`) REFERENCES `product` (`id`),
  ADD CONSTRAINT `lk_cart_user` FOREIGN KEY (`iduser`) REFERENCES `user` (`id`);

--
-- Constraints for table `comment`
--
ALTER TABLE `comment`
  ADD CONSTRAINT `lk_idproduct_product` FOREIGN KEY (`id_product`) REFERENCES `product` (`id`),
  ADD CONSTRAINT `lk_iduser_user` FOREIGN KEY (`id_user`) REFERENCES `user` (`id`);

--
-- Constraints for table `product`
--
ALTER TABLE `product`
  ADD CONSTRAINT `lk_pro_cate` FOREIGN KEY (`id_cate`) REFERENCES `categories` (`id`);
COMMIT;

/*!40101 SET CHARACTER_SET_CLIENT=@OLD_CHARACTER_SET_CLIENT */;
/*!40101 SET CHARACTER_SET_RESULTS=@OLD_CHARACTER_SET_RESULTS */;
/*!40101 SET COLLATION_CONNECTION=@OLD_COLLATION_CONNECTION */;
